"id";"tag";"context_set";"created_at";"updated_at"
"3";"Fatigue and Weakness";"Causes of feeling tired and weak";"2024-06-21 05:49:59";"2024-06-21 05:49:59"
"4";"Pain or Burning During Urination";"Causes of pain or burning during urination";"2024-06-21 05:53:03";"2024-06-21 05:53:03"
"5";"Fever, Tiredness, and Shakiness";"Symptoms of fever, tiredness, or shakiness";"2024-06-21 06:01:47";"2024-06-21 06:01:47"
"6";"Low or Sad Mood";"Causes of low or sad mood";"2024-06-21 06:04:38";"2024-06-21 06:04:38"
"7";"High Blood Pressure";"Causes of high blood pressure";"2024-06-21 06:08:55";"2024-06-21 06:08:55"
"8";"High Glucose Levels";"Causes of high glucose levels";"2024-06-21 06:11:51";"2024-06-21 06:11:51"
"9";"Preeclampsia";"Understanding preeclampsia";"2024-06-21 06:16:50";"2024-06-21 06:16:50"
"10";"Preterm Labor Pains";"Understanding preterm labor pains";"2024-06-21 06:20:11";"2024-06-21 06:20:11"
"11";"Excessive Vomiting During Pregnancy";"Causes of excessive vomiting";"2024-06-21 06:23:46";"2024-06-21 06:23:46"
"12";"Swollen Feet During Pregnancy";"Causes and implications of swollen feet";"2024-06-21 06:27:11";"2024-06-21 06:27:11"
"13";"Obesity During Pregnancy Complications";"Complications associated with obesity during pregnancy";"2024-06-21 06:44:02";"2024-06-21 06:44:02"
"14";"Malaria and Pregnancy";"Impact of malaria on pregnancy outcomes";"2024-06-21 06:49:52";"2024-06-21 06:49:52"
"15";"Back Pain During Pregnancy";"Causes and remedies for back pain during pregnancy";"2024-06-21 06:52:58";"2024-06-21 06:52:58"
"16";"Sharp Pains in the Stomach During Pregnancy";"Understanding round ligament pain during pregnancy";"2024-06-21 06:55:37";"2024-06-21 06:55:37"
"17";"Bleeding During Pregnancy";"Understanding causes and implications of bleeding during pregnancy";"2024-06-21 07:02:47";"2024-06-21 07:02:47"
"18";"Hot Sweats During Pregnancy";"Understanding hot sweats and body temperature changes during pregnancy";"2024-06-21 07:07:15";"2024-06-21 07:07:15"
"19";"Signs of Labor";"Identifying the onset of labor";"2024-06-21 07:09:48";"2024-06-21 07:09:48"
"20";"Ectopic Pregnancy";"Recognizing signs and symptoms of an ectopic pregnancy";"2024-06-21 07:14:25";"2024-06-21 07:14:25"
"21";"Oligohydramnios";"Understanding oligohydramnios during pregnancy";"2024-06-21 07:17:56";"2024-06-21 07:17:56"
"22";"Miscarriage or Fetal Loss";"Understanding miscarriage and fetal loss during pregnancy";"2024-06-21 07:20:34";"2024-06-21 07:20:34"
"23";"Placental Complications";"Understanding placental abruption and placenta previa during pregnancy";"2024-06-21 07:23:38";"2024-06-21 07:23:38"
"24";"Bleeding in Late Pregnancy";"Understanding causes and implications of bleeding during late pregnancy";"2024-06-21 07:26:14";"2024-06-21 07:26:14"
"25";"Supplements During Pregnancy";"Importance of supplements, especially prenatal vitamins, during pregnancy";"2024-06-21 07:31:38";"2024-06-21 07:31:38"
"26";"Avoidances During Pregnancy";"Importance of avoiding certain substances during pregnancy";"2024-06-21 07:36:20";"2024-06-21 07:36:20"
"27";"Dealing with Morning Sickness";"Tips for managing morning sickness during pregnancy";"2024-06-21 07:41:02";"2024-06-21 07:41:02"
"28";"Exercise During Pregnancy";"Importance of walking and exercise during pregnancy";"2024-06-21 07:53:03";"2024-06-21 07:53:03"
"29";"Managing Stress During Pregnancy";"Techniques for coping with stress during pregnancy";"2024-06-21 07:55:48";"2024-06-21 07:55:48"
"30";"Fashion Choices During Pregnancy";"Recommendations for clothing and footwear during pregnancy";"2024-06-21 07:58:45";"2024-06-21 07:58:45"
"31";"Caffeine Consumption During Pregnancy";"Advice on consuming coffee, tea, and caffeinated beverages during pregnancy";"2024-06-21 08:01:56";"2024-06-21 08:01:56"
"32";"Alcohol Consumption During Pregnancy";"Advice on consuming alcohol during pregnancy";"2024-06-21 08:05:01";"2024-06-21 08:05:01"
"33";"Medication Use During Pregnancy";"Recommendations regarding medication and medicine usage during pregnancy";"2024-06-21 08:07:24";"2024-06-21 08:07:24"
"34";"Recommended Foods During Pregnancy";"Advice on nutrition and dietary choices during pregnancy";"2024-06-21 08:09:40";"2024-06-21 08:09:40"
"35";"Herbs to Avoid During Pregnancy";"Advice on herbs and herbal supplements to avoid during pregnancy";"2024-06-21 08:11:58";"2024-06-21 08:11:58"
"36";"Prenatal Care Definition";"Definition and explanation of prenatal care";"2024-06-21 08:14:43";"2024-06-21 08:14:43"
"37";"Antenatal Care Definition";"Definition and explanation of antenatal care";"2024-06-21 08:17:14";"2024-06-21 08:17:14"
"38";"Timing of Prenatal Care";"Advice on when to initiate prenatal care";"2024-06-21 08:19:25";"2024-06-21 08:19:25"
"39";"Content of Prenatal Care Checks";"Description of what happens during prenatal care appointments";"2024-06-21 08:23:30";"2024-06-21 08:23:30"
"40";"Sex During Pregnancy";"Advice regarding sexual activity during pregnancy";"2024-06-21 08:27:16";"2024-06-21 08:27:16"
"41";"Headaches During Pregnancy";"Advice on managing headaches during pregnancy, particularly around the forehead";"2024-06-21 08:31:21";"2024-06-21 08:31:21"
"42";"Early Contractions During Pregnancy";"Explanation regarding early contractions during pregnancy";"2024-06-21 08:33:43";"2024-06-21 08:33:43"
"43";"Recurrent Miscarriages";"Guidance for dealing with recurrent miscarriages after the first child";"2024-06-21 08:36:26";"2024-06-21 08:36:26"
"44";"Tetanus Toxoid (TT) Injections During Pregnancy";"Information about the schedule and number of TT injections during pregnancy";"2024-06-21 08:39:13";"2024-06-21 08:39:13"
"45";"Tetanus Toxoid (TT) Injections in Subsequent Pregn";"Information about the need for TT injections in subsequent pregnancies after receiving the full course in a previous pregnancy";"2024-06-21 08:41:18";"2024-06-21 08:41:18"
"46";"Breast Discharge during Pregnancy";"Explanation regarding milk-like discharge from breasts during pregnancy";"2024-06-21 08:43:23";"2024-06-21 08:43:23"
"47";"Starting Antenatal Care";"Guidance on when to initiate antenatal care during pregnancy";"2024-06-21 08:45:40";"2024-06-21 08:45:40"
"48";"Postpartum Birth Control";"Information about when birth control methods can be initiated after childbirth";"2024-06-21 08:48:06";"2024-06-21 08:48:06"
"49";"Conceiving After C-Section";"Information about the recommended time frame to conceive again after a C-section birth";"2024-06-21 08:49:58";"2024-06-21 08:49:58"
"50";"Missed Immunization Appointment";"Advice on what to do if an immunization appointment is missed";"2024-06-21 08:51:59";"2024-06-21 08:51:59"
"51";"Missed Contraceptive Pill";"Advice on what to do if a contraceptive pill is missed";"2024-06-21 08:54:11";"2024-06-21 08:54:11"
"52";"Bleeding After Implant";"Advice on controlling bleeding after having an implant";"2024-06-21 08:56:03";"2024-06-21 08:56:03"
"53";"Sexual Intercourse After Vaginal Stitch";"Advice on when it's safe to resume sexual intercourse after receiving vaginal stitches post-delivery.";"2024-06-21 08:58:29";"2024-06-21 08:58:29"
"54";"Recover Tight Vagina After Childbirth";"Advice on methods to recover vaginal tightness after childbirth.";"2024-06-21 09:01:05";"2024-06-21 09:01:05"
"55";"Movement After C-Section";"Advice on when it's safe to start moving after having a C-section.";"2024-06-21 09:03:14";"2024-06-21 09:03:14"
"56";"Washing C-Section Wound";"Clarification on whether washing a C-section wound with salt water is recommended.";"2024-06-21 09:05:09";"2024-06-21 09:05:09"
"57";"Nighttime Crying";"Dealing with a baby who cries excessively at night, possibly due to colic pain.";"2024-06-21 09:08:37";"2024-06-21 09:08:37"
"58";"Vaginal Delivery After C-section (VBAC)";"Considering the possibility of having a vaginal delivery after a previous C-section.";"2024-06-21 09:11:08";"2024-06-21 09:11:08"
"59";"Walking During Labor";"Discussing the benefits of walking during the labor process.";"2024-06-21 09:13:02";"2024-06-21 09:13:02"
"60";"Drinking Tea During Labor";"Explaining the benefits of drinking tea during labor.";"2024-06-21 09:15:06";"2024-06-21 09:15:06"
"61";"Antenatal Visits Frequency";"Clarifying the recommended number of antenatal visits during pregnancy.";"2024-06-21 09:17:21";"2024-06-21 09:17:21"
"62";"IUD and UTI Relationship";"Clarifying the relationship between IUDs and UTIs.";"2024-06-21 09:19:38";"2024-06-21 09:19:38"
"63";"Implant Misconceptions";"Correcting misconceptions about contraceptive implants.";"2024-06-21 09:22:05";"2024-06-21 09:22:05"
"64";"HIV and Pregnancy";"Addressing concerns about HIV transmission to unborn babies during pregnancy.";"2024-06-21 09:24:09";"2024-06-21 09:24:09"
"65";"Ultrasound During Pregnancy";"Discussing the timing and importance of the first ultrasound scan during pregnancy.";"2024-06-21 09:26:04";"2024-06-21 09:26:04"
"66";"Safety of Ultrasound During Pregnancy";"ddressing concerns about the safety of ultrasound scans for unborn babies during pregnancy.";"2024-06-21 09:28:10";"2024-06-21 09:28:10"
"67";"Risks of X-ray Exposure During Pregnancy";"Addressing concerns about the potential risks of X-ray exposure to an unborn baby during pregnancy.";"2024-06-21 09:30:20";"2024-06-21 09:30:20"
"68";"Bleeding During Pregnancy";"Addressing concerns about bleeding during pregnancy and its implications.";"2024-06-21 09:33:34";"2024-06-21 09:33:34"
"69";"installation";"Providing information about the number of ultrasound scans recommended during pregnancy.";"2024-06-21 09:36:07";"2024-06-22 05:27:04"
"70";"Acupressure";"Acupressure definition";"2024-11-28 15:15:50";"2024-11-28 15:15:50"
"71";"Airway";"Airway definition";"2024-11-28 15:16:51";"2024-11-28 15:16:51"
"72";"Allergic disorder";"Allergic disorder definition";"2024-11-28 15:18:02";"2024-11-28 15:18:02"
"73";"Anemia";"Anemia defintion";"2024-11-28 15:19:00";"2024-11-28 15:19:00"
"74";"Antibodies";"Antibodies definition";"2024-11-28 15:19:50";"2024-11-28 15:19:50"
"75";"Areola";"Areola  definition";"2024-11-28 15:20:45";"2024-11-28 15:20:45"
"76";"Birth defect";"Birth defect  definition";"2024-11-28 15:21:39";"2024-11-28 15:21:39"
"77";"Contagious disease";"what is a  Contagious disease";"2024-11-28 15:22:34";"2024-11-28 15:22:34"
"78";"Chromosomal abnormalities";"Chromosomal abnormalities definition";"2024-11-28 15:23:38";"2024-11-28 15:23:38"
"79";"Diaper rash";"Diaper rash definition";"2024-11-28 15:24:34";"2024-11-28 15:24:34"
"80";"Ectopic or extra-uterine pregnancy";"Ectopic or extra-uterine pregnancy definition";"2024-11-28 15:25:35";"2024-11-28 15:25:35"
"81";"Egg";"Egg definition";"2024-11-28 15:26:43";"2024-11-28 15:27:09"
"82";"Embryo";"Embryo definition";"2024-11-28 15:28:13";"2024-11-28 15:28:13"
"83";"Esophagus";"Esophagus definition";"2024-11-28 15:29:20";"2024-11-28 15:29:20"
"84";"Express";"Express definition";"2024-11-28 15:30:26";"2024-11-28 15:30:26"
"85";"Fertilization";"what is  Fertilization";"2024-11-28 15:31:22";"2024-11-28 15:31:22"
"86";"Fetus";"Fetus definition";"2024-11-28 15:32:18";"2024-11-28 15:32:18"
"87";"Genetic abnormalities";"Genetic abnormalities definition";"2024-11-28 15:33:39";"2024-11-28 15:33:39"
"88";"Hemorrhage";"Hemorrhage definition";"2024-11-28 15:35:01";"2024-11-28 15:35:01"
"89";"Immune system";"Immune system definition";"2024-11-28 15:36:40";"2024-11-28 15:36:40"
"90";"Inverted nipple";"Inverted nipple definition";"2024-11-28 15:38:05";"2024-11-28 15:38:05"
"91";"Labour";"Labour definition";"2024-11-28 15:39:23";"2024-11-28 15:39:23"
"92";"Mastitis";"Mastitis definition";"2024-11-28 15:40:30";"2024-11-28 15:40:30"
"93";"Miscarriage";"Miscarriage  definition";"2024-11-28 15:41:27";"2024-11-28 15:41:27"
"94";"Nutrients";"Nutrients definition";"2024-11-28 15:42:39";"2024-11-28 15:42:39"
"95";"Neural tube";"Neural tube definition";"2024-11-28 15:43:38";"2024-11-28 15:43:38"
"96";"Overproduction of milk";"Overproduction of milk definition";"2024-11-28 15:44:34";"2024-11-28 15:44:34"
"97";"Oxytocin";"Oxytocin definition";"2024-11-28 15:45:25";"2024-11-28 15:45:25"
"98";"Perineum";"Perineum definition";"2024-11-28 15:46:38";"2024-11-28 15:46:38"
"99";"Pupil";"Pupil  definition";"2024-11-28 15:47:40";"2024-11-28 15:47:40"
"100";"Rhesus factor (Rh factor)";"Rhesus factor (Rh factor)  definition";"2024-11-28 15:48:33";"2024-11-28 15:48:33"
"101";"Sexually transmitted infection (STI)";"Sexually transmitted infection (STI) defintion";"2024-11-28 15:49:36";"2024-11-28 15:49:36"
"102";"Sperm";"Sperm definition";"2024-11-28 15:50:58";"2024-11-28 15:50:58"
"103";"Spina bifida";"Spina bifida  definition";"2024-11-28 15:51:46";"2024-11-28 15:51:46"
"104";"Sterile";"Sterile  definition";"2024-11-28 15:52:33";"2024-11-28 15:52:33"
"105";"Sodium";"Sodium   definition";"2024-11-28 15:53:21";"2024-11-28 15:53:21"
"106";"Sudden infant death syndrome";"Sudden infant death syndrome definition";"2024-11-28 15:54:20";"2024-11-28 15:54:20"
"107";"Thrombophlebitis";"Thrombophlebitis definition";"2024-11-28 15:55:12";"2024-11-28 15:55:12"
"108";"Trisomy";"Trisomy  definition";"2024-11-28 15:56:29";"2024-11-28 15:56:29"
"109";"Ultrasound";"Ultrasound  definition";"2024-11-28 15:57:21";"2024-11-28 15:57:21"
"110";"Uterine rupture";"Uterine rupture definition";"2024-11-28 15:58:38";"2024-11-28 15:58:38"
"111";"Urinary catheter";"Urinary catheter  definition";"2024-11-28 15:59:30";"2024-11-28 15:59:30"
"112";"Vernix caseosa";"Vernix caseosa definition";"2024-11-28 16:00:53";"2024-11-28 16:00:53"
"113";"Weaning";"Weaning definition";"2024-11-28 16:01:57";"2024-11-28 16:01:57"
"114";"pregnancy experience";"The emotional and physical journey of pregnancy.";"2024-11-28 16:08:42";"2024-11-28 16:09:17"
"115";"menstrual cycle";"Understanding the timeline of menstruation in a woman's life.";"2024-11-28 16:11:42";"2024-11-28 16:11:42"
"116";"menstrual cycle length";"Calculating the duration of a menstrual cycle.";"2024-11-28 16:13:06";"2024-11-28 16:13:06"
"117";"menstrual_cycle_process";"Hormonal and physiological changes during the menstrual cycle.";"2024-11-28 16:14:42";"2024-11-28 16:14:42"
"118";"ovulation_process";"The release of eggs and its role in reproduction.";"2024-11-28 16:16:54";"2024-11-28 16:16:54"
"119";"ovulation_timing";"Estimating ovulation based on the menstrual cycle.";"2024-11-28 16:18:27";"2024-11-28 16:18:27"
"120";"ovulation_period";"Understanding the fertile period and chances of fertilization.";"2024-11-28 16:21:14";"2024-11-28 16:21:14"
"121";"sperm_production";"The continuous process of sperm production in men.";"2024-11-28 16:26:42";"2024-11-28 16:26:42"
"122";"sperm_production";"The continuous process of sperm production in men.";"2024-11-28 16:26:50";"2024-11-28 16:26:50"
"123";"sperm_development";"The process of sperm production and maturation.";"2024-11-28 16:30:32";"2024-11-28 16:30:32"
"124";"semen_composition";"The mixture of sperm and fluids during ejaculation.";"2024-11-28 16:31:53";"2024-11-28 16:31:53"
"125";"sperm_lifetime";"The quantity of sperm in semen and their lifespan.";"2024-11-28 16:33:38";"2024-11-28 16:33:38"
"126";"pelvis_bone";"The role of the pelvis bone in supporting abdominal organs.";"2024-11-28 16:35:05";"2024-11-28 16:35:05"
"128";"ovary_function";"The role of ovaries in egg production and hormone secretion.";"2024-11-28 16:36:48";"2024-11-28 16:36:48"
"129";"uterus_function";"The role of the uterus in pregnancy and embryo development.";"2024-11-28 16:39:33";"2024-11-28 16:39:33"
"130";"fallopian_tube";"The role of the Fallopian tubes in egg transport and fertilization.";"2024-11-28 16:42:48";"2024-11-28 16:42:48"
"131";"cervix_function";"The role of the cervix in menstruation and childbirth.";"2024-11-28 16:44:35";"2024-11-28 16:44:35"
"132";"vagina_function";"The structure and flexibility of the vagina.";"2024-11-28 16:46:19";"2024-11-28 16:46:19"
"133";"bladder_function";"The role of the bladder in urine storage.";"2024-11-28 16:47:53";"2024-11-28 16:47:53"
"134";"perineum_function";"The structure and role of the perineum in supporting pelvic organs.";"2024-11-28 16:49:24";"2024-11-28 16:49:24"
"135";"anus_function";"The role of the anus in waste elimination.";"2024-11-28 16:50:54";"2024-11-28 16:50:54"
"136";"urethra_function";"The role of the urethra in urine elimination.";"2024-11-28 16:52:36";"2024-11-28 16:52:36"
"137";"clitoris_function";"The role of the clitoris in sexual pleasure.";"2024-11-28 16:54:09";"2024-11-28 16:54:09"
"138";"vulva_function";"The external genitalia of females.";"2024-11-28 16:57:37";"2024-11-28 16:57:37"
"139";"bladder_male_function";"The role of the bladder in male anatomy.";"2024-11-28 16:59:17";"2024-11-28 16:59:17"
"140";"vas_deferens_function";"The role of the vas deferens in sperm transport.";"2024-11-28 17:01:28";"2024-11-28 17:01:28"
"141";"urethra_male_function";"The role of the urethra in urine and semen transport in males.";"2024-11-28 17:03:00";"2024-11-28 17:03:00"
"142";"penis_function";"The role of the penis in male reproduction and sexual function.";"2024-11-28 17:04:23";"2024-11-28 17:04:23"
"143";"prostate_function";"The role of the prostate in semen production.";"2024-11-28 17:08:08";"2024-11-28 17:08:08"
"144";"scrotum_function";"The role of the scrotum in protecting the testicles.";"2024-11-28 19:31:54";"2024-11-28 19:31:54"
"145";"testicle_function";"The role of the testicles in sperm production.";"2024-11-28 19:32:58";"2024-11-28 19:32:58"
"146";"seminal_vesicle_function";"The role of the seminal vesicles in sperm storage.";"2024-11-28 19:34:43";"2024-11-28 19:34:43"
"147";"anus_function";"The role of the anus in waste elimination.";"2024-11-28 19:35:27";"2024-11-28 19:35:27"
"148";"fertilization_process";"The process of fertilization when sperm and egg meet.";"2024-11-28 19:37:57";"2024-11-28 19:37:57"
"149";"implantation_process";"The development of a fertilized egg and implantation in the uterus.";"2024-11-28 19:40:09";"2024-11-28 19:40:09"
"150";"pregnancy_test";"The role of a pregnancy test in confirming fertilization.";"2024-11-28 19:40:54";"2024-11-28 19:40:54"
"151";"miscarriage";"The occurrence of miscarriage in early pregnancy.";"2024-11-28 19:41:34";"2024-11-28 19:41:34"
"152";"pregnancy_length_calculation";"How the length of pregnancy is calculated.";"2024-11-28 19:42:39";"2024-11-28 19:42:39"
"153";"pregnancy_weeks";"How pregnancy duration is measured in weeks.";"2024-11-28 19:43:37";"2024-11-28 19:43:37"
"154";"term_pregnancy";"When a pregnancy is considered full-term.";"2024-11-28 19:44:16";"2024-11-28 19:44:16"
"155";"pregnancy_trimesters";"The division of pregnancy into trimesters.";"2024-11-28 19:44:50";"2024-11-28 19:44:50"
"156";"due_date_estimation";"How to estimate a pregnancy due date.";"2024-11-28 19:45:54";"2024-11-28 19:45:54"
"157";"ultrasound_due_date";"The role of ultrasound in determining the due date.";"2024-11-28 19:46:35";"2024-11-28 19:46:35"
"158";"fetal_development_stages";"The stages of fetal development during pregnancy.";"2024-11-28 19:47:53";"2024-11-28 19:47:53"
"159";"first_trimester";"The development of the fetus in the first trimester.";"2024-11-28 19:50:03";"2024-11-28 19:50:03"
"160";"first_trimester_ending";"Development of the fetus between 10 and 14 weeks.";"2024-11-28 19:52:51";"2024-11-28 19:52:51"
"161";"second_trimester";"Development of the fetus from 15 to 28 weeks.";"2024-11-28 19:54:04";"2024-11-28 19:54:04"
"162";"third_trimester";"Development of the fetus from 29 weeks to birth.";"2024-11-28 19:54:46";"2024-11-28 19:54:46"
"163";"amniotic_fluid";"The role of amniotic fluid during pregnancy.";"2024-11-28 19:57:52";"2024-11-28 19:57:52"
"164";"amniotic_sac";"Description of the amniotic sac and its role during labor.";"2024-11-28 19:58:32";"2024-11-28 19:58:32"
"165";"placenta, umbilical_cord";"Function and importance of the placenta and umbilical cord during pregnancy.";"2024-11-28 20:00:06";"2024-11-28 20:00:06"
"166";"physical_changes, pregnancy";"Physical changes during pregnancy.";"2024-11-28 20:01:26";"2024-11-28 20:01:26"
"167";"heart_blood_vessels_lungs, pregnancy";"Changes in the cardiovascular and respiratory system during pregnancy.";"2024-11-28 20:02:02";"2024-11-28 20:02:02"
"168";"hair, pregnancy";"Changes in hair growth during pregnancy.";"2024-11-28 20:02:40";"2024-11-28 20:02:40"
"169";"skin, pregnancy";"Skin changes during pregnancy.";"2024-11-28 20:03:11";"2024-11-28 20:03:11"
"170";"hyperpigmentation, pregnancy";"Hyperpigmentation and pregnancy mask during pregnancy.";"2024-11-28 20:03:51";"2024-11-28 20:03:51"
"171";"stretch marks, pregnancy";"Stretch marks during pregnancy and their treatment.";"2024-11-28 20:04:38";"2024-11-28 20:04:38"
"172";"pregnancy skin changes, acne, skin tags, angiomas";"Other skin changes during pregnancy.";"2024-11-28 20:05:16";"2024-11-28 20:05:16"
"173";"pregnancy, bladder, kidneys, frequent urination";"Changes in bladder and kidney function during pregnancy.";"2024-11-28 20:07:35";"2024-11-28 20:07:35"
"174";"pregnancy, stomach, intestines, digestion, heartburn, constipation";"How pregnancy affects digestion and causes heartburn and constipation.";"2024-11-28 20:09:04";"2024-11-28 20:09:04"
"175";"pregnancy, breasts, colostrum, breastfeeding, hormonal changes";"Changes in the breasts during pregnancy in preparation for breastfeeding.";"2024-11-28 20:09:45";"2024-11-28 20:09:45"
"176";"pregnancy, uterus, posture changes, body adjustments";"Changes in the uterus during pregnancy and their impact on posture.";"2024-11-28 20:10:39";"2024-11-28 20:10:39"
"177";"pregnancy, vaginal discharge, hormonal changes";"Increased vaginal discharge during pregnancy";"2024-11-28 20:12:07";"2024-11-28 20:12:07"
"178";"pregnancy, ligaments, joints, hormonal changes";"Effects of pregnancy on ligaments and joints";"2024-11-28 20:12:46";"2024-11-28 20:12:46"
"179";"pregnancy, fat reserves, energy storage, breastfeeding";"Fat reserves during pregnancy";"2024-11-28 20:13:30";"2024-11-28 20:13:30"
"180";"pregnancy, weight gain, baby growth, maternal changes";"Reasons for weight gain during pregnancy";"2024-11-28 20:14:13";"2024-11-28 20:14:13"
"181";"pregnancy, healthy weight gain, diet, physical activity";"Importance of healthy weight gain and lifestyle during pregnancy";"2024-11-28 20:15:15";"2024-11-28 20:15:15"
"182";"pregnancy weight, prenatal care, weight gain, multiple pregnancy";"Monitoring weight gain during pregnancy";"2024-11-28 20:16:33";"2024-11-28 20:16:33"
"183";"Living with the Changes";"Pregnancy can bring about various physical transformations, and each woman experiences these changes differently. These transformations may affect a woman's self-image and comfort with her body.";"2024-11-28 20:19:09";"2024-11-28 20:19:09"
"184";"Emotional Changes";"Pregnancy not only brings physical changes but also triggers emotional, psychological, and social transformations. The anticipation of motherhood can cause stress and raise numerous questions for some women.";"2024-11-28 20:20:29";"2024-11-28 20:20:29"
"185";"Emotional Changes";"Pregnancy can cause women to experience a range of conflicting emotions, such as joy, worry, denial, excitement, and even sadness.";"2024-11-28 20:21:02";"2024-11-28 20:21:02"
"186";"Emotional Support";"Discussing your emotions with loved ones or other pregnant women can provide valuable support and help normalize the experience.";"2024-11-28 20:21:47";"2024-11-28 20:21:47"
"187";"Emotional Well-being & Support";"Pregnancy emotions, self-care, seeking support, setting boundaries, depression risk.";"2024-11-28 20:27:35";"2024-11-28 20:27:35"
"188";"Future Father/Partner's Experience";"Expectant fathers, involvement, prenatal support, emotional connection, role adaptation.";"2024-11-28 20:28:57";"2024-11-28 20:28:57"
"189";"Couple's Relationship During Pregnancy";"Relationship adjustments, communication, shared concerns, emotional support, partnership in parenting.";"2024-11-28 20:29:42";"2024-11-28 20:29:42"
"190";"Family Adjustments During Pregnancy";"Older children's feelings, sibling jealousy, emotional support, involving children in preparations, family bonding.";"2024-11-28 20:31:00";"2024-11-28 20:31:00"
"191";"Sexuality During Pregnancy";"Changes in sexual desire, intimacy, discomfort, personal limits, and evolving perceptions as parents.";"2024-11-28 20:32:21";"2024-11-28 20:32:21"
"192";"Sexual Activity During Pregnancy";"Medical advice against intercourse due to complications like bleeding, abdominal pain, placenta issues, or risk of premature labor.";"2024-11-28 20:33:14";"2024-11-28 20:33:14"
"193";"STI Protection During Pregnancy";"Importance of using condoms during sexual activity to prevent sexually transmitted infections (STIs) and protect both mother and baby.";"2024-11-28 20:33:50";"2024-11-28 20:33:50"
"194";"Personal Care during Pregnancy";"Safe use of cosmetics, creams, and makeup during pregnancy.";"2024-11-28 20:34:57";"2024-11-28 20:34:57"
"195";"Hair Products and Treatments during Pregnancy";"Safety of hair dyes, shampoos, highlights, and perms during pregnancy.";"2024-11-28 20:36:05";"2024-11-28 20:36:05"
"196";"Sunscreen during Pregnancy";"Importance of using sunscreen to protect against sun-related skin changes during pregnancy.";"2024-11-28 20:37:26";"2024-11-28 20:37:26"
"197";"Insect Repellent during Pregnancy";"Safe use of insect repellent during pregnancy, including recommended ingredients and concentrations.";"2024-11-28 20:38:20";"2024-11-28 20:38:20"
"198";"Precautions for Insect Repellent Use during Pregnancy";"Safety guidelines for applying insect repellents during pregnancy.";"2024-11-28 20:39:07";"2024-11-28 20:39:07"
"199";"Limiting Exposure to Insect Repellents";"Alternative methods to reduce exposure to insect repellents during pregnancy.";"2024-11-28 20:39:42";"2024-11-28 20:39:42"
"200";"Use of Citronella and Lavender Oil";"Risks associated with using citronella and lavender oil-based products during pregnancy.";"2024-11-28 20:40:13";"2024-11-28 20:40:13"
"201";"Laser Hair Removal and Electrolysis";"Safety of electrolysis and laser hair removal during pregnancy.";"2024-11-28 20:40:46";"2024-11-28 20:40:46"
"202";"Tanning Salons";"Risks of tanning salons during pregnancy.";"2024-11-28 20:41:35";"2024-11-28 20:41:35"
"203";"Physical Activities";"Benefits of physical activity during pregnancy.";"2024-11-28 20:42:45";"2024-11-28 20:42:45"
"204";"Being Active Day to Day";"Incorporating physical activity into daily routine during pregnancy.";"2024-11-28 20:43:29";"2024-11-28 20:43:29"
"205";"Choice of Activities";"Selecting appropriate physical activities during pregnancy.";"2024-11-28 20:44:41";"2024-11-28 20:44:41"
"206";"Precautions for Physical Activity";"Safety guidelines for physical activities during pregnancy.";"2024-11-28 20:45:32";"2024-11-28 20:45:32"
"207";"Discomfort During Physical Activity";"Addressing discomforts during physical activity in pregnancy.";"2024-11-28 20:46:39";"2024-11-28 20:46:39"
"208";"Tobacco and Electronic Cigarettes During Pregnancy";"Risks of smoking and electronic cigarettes during pregnancy.";"2024-11-28 20:47:38";"2024-11-28 20:47:38"
"209";"Smoking Risks During Pregnancy";"Negative effects of smoking on fetal development and pregnancy.";"2024-11-28 20:48:21";"2024-11-28 20:48:21"
"210";"Quitting Smoking During Pregnancy";"Support and benefits of quitting smoking, even later in pregnancy.";"2024-11-28 20:49:11";"2024-11-28 20:49:11"
"211";"Electronic Cigarettes During Pregnancy";"Risks of using e-cigarettes during pregnancy and alternatives for quitting smoking.";"2024-11-28 20:49:55";"2024-11-28 20:49:55"
"212";"Alcohol During Pregnancy";"Risks of alcohol consumption during pregnancy.";"2024-11-28 20:50:47";"2024-11-28 20:50:47"
"213";"Harmful Effects of Alcohol During Pregnancy";"Impact of alcohol consumption on pregnancy and fetal development.";"2024-11-28 20:51:38";"2024-11-28 20:51:38"
"214";"Tips for Avoiding Alcohol During Pregnancy";"Strategies for avoiding alcohol consumption during pregnancy.";"2024-11-28 20:52:39";"2024-11-28 20:52:39"
"215";"Cannabis Use During Pregnancy";"Risks associated with cannabis use during pregnancy.";"2024-11-28 20:53:48";"2024-11-28 20:53:48"
"216";"Drug Use During Pregnancy";"Risks of using drugs during pregnancy and seeking help.";"2024-11-28 20:54:38";"2024-11-28 20:54:38"
"217";"Household Products During Pregnancy";"Safe use of cleaning products during pregnancy.";"2024-11-28 20:55:48";"2024-11-28 20:55:48"
"218";"Paint and Paint Remover During Pregnancy";"Safe use of paints and paint removers during pregnancy.";"2024-11-28 20:56:49";"2024-11-28 20:56:49"
"219";"Cats and Pregnancy";"Precautions for pregnant women with pet cats.";"2024-11-28 20:57:47";"2024-11-28 20:57:47"
"220";"Gardening and Pregnancy";"Precautions for pregnant women gardening.";"2024-11-28 20:58:46";"2024-11-28 20:58:46"
"221";"Health and Safety at Work During Pregnancy";"Workplace accommodations for pregnant or breastfeeding women in Québec.";"2024-11-28 21:11:17";"2024-11-28 21:11:17"
"222";"Travel Safety During Pregnancy";"Importance of seat belt usage and proper positioning during pregnancy for safety.";"2024-11-28 21:15:54";"2024-11-28 21:15:54"
"223";"Air Travel During Pregnancy";"Guidelines for pregnant women considering air travel, including airline-specific rules and health precautions.";"2024-11-28 21:17:07";"2024-11-28 21:17:07"
"224";"Overseas Travel During Pregnancy";"Recommendations for pregnant women planning international trips, including health considerations and travel advice resources.";"2024-11-28 21:17:52";"2024-11-28 21:17:52"
"225";"Zika Virus and Pregnancy";"Guidelines and precautions for pregnant women regarding the risks associated with Zika virus exposure during travel.";"2024-11-28 21:19:46";"2024-11-28 21:19:46"
"226";"Insurance and Pregnancy";"Importance of ensuring adequate insurance coverage when traveling abroad, particularly for medical care during pregnancy and birth.";"2024-11-28 21:21:21";"2024-11-28 21:21:21"
"227";"Eating Well During Pregnancy";"Importance of maintaining a balanced and nutritious diet during pregnancy for the health of both mother and baby.";"2024-11-28 21:22:15";"2024-11-28 21:22:15"
"228";"Eating Well During Pregnancy";"Guidelines and tips for maintaining a balanced and nutritious diet during pregnancy to meet the needs of both the mother and the baby.";"2024-11-28 21:23:29";"2024-11-28 21:23:29"
"229";"Eating Regularly During Pregnancy";"Advice on structuring meals and snacks throughout the day to maintain energy levels and manage pregnancy discomforts.";"2024-11-28 21:27:02";"2024-11-28 21:27:02"
"230";"Appetite During Pregnancy";"Changes in appetite due to physical and hormonal shifts during pregnancy.";"2024-11-28 21:28:14";"2024-11-28 21:28:14"
"231";"Pregnancy Cravings";"The experience of food cravings during pregnancy and how to manage them.";"2024-11-28 21:29:14";"2024-11-28 21:29:14"
"232";"Pregnancy Aversions";"The phenomenon of food aversions during pregnancy and how to handle them.";"2024-11-28 21:30:11";"2024-11-28 21:30:11"
"233";"Nutritional Diet During Pregnancy";"The importance of a balanced diet during pregnancy, including key food groups.";"2024-11-28 21:31:43";"2024-11-28 21:31:43"
"234";"Vegetables and Fruits During Pregnancy";"The importance and versatility of vegetables and fruits in a pregnancy diet.";"2024-11-28 21:33:14";"2024-11-28 21:33:14"
"235";"Tips for Eating Vegetables and Fruits During Pregnancy";"Guidance on gradually increasing vegetable and fruit intake and selecting healthier options.";"2024-11-29 08:26:58";"2024-11-29 08:26:58"
"236";"Whole Grain Foods During Pregnancy";"Importance of whole grain foods as a primary energy source and their nutritional benefits during pregnancy.";"2024-11-29 08:27:41";"2024-11-29 08:27:41"
"237";"Protein Foods During Pregnancy";"The role of protein in supporting fetal development and maintaining maternal energy levels during pregnancy.";"2024-11-29 08:28:36";"2024-11-29 08:28:36"
"238";"Dairy Products During Pregnancy";"The nutritional benefits of dairy products for pregnant women and their babies, with practical tips for incorporating them into daily meals and snacks.";"2024-11-29 08:29:18";"2024-11-29 08:29:18"
"239";"Lactose Intolerance and Pregnancy";"Managing lactose intolerance during pregnancy by choosing suitable alternatives and aids for digestion.";"2024-11-29 08:30:09";"2024-11-29 08:30:09"
"240";"Soy Products and Pregnancy Nutrition";"The nutritional benefits of fortified soy beverages and soy-based products during pregnancy.";"2024-11-29 08:31:02";"2024-11-29 08:31:02"
"241";"Legumes, Nuts, and Seeds in Pregnancy";"The nutritional value and versatility of legumes, nuts, and seeds as plant-based protein sources during pregnancy.";"2024-11-29 08:32:24";"2024-11-29 08:32:24"
"242";"Meat, Game, and Poultry in Pregnancy";"Importance of meat, game, and poultry in providing essential nutrients during pregnancy while highlighting necessary precautions.";"2024-11-29 08:33:52";"2024-11-29 08:33:52"
"243";"Fish and Seafood in Pregnancy";"Nutritional value of fish and seafood during pregnancy and their role in fetal development.";"2024-11-29 08:34:30";"2024-11-29 08:34:30"
"244";"Fish and Seafood Precautions During Pregnancy";"Guidelines for pregnant women on choosing fish and seafood with low mercury and other contaminants.";"2024-11-29 08:35:21";"2024-11-29 08:35:21"
"245";"Nutritious Snack Ideas During Pregnancy";"Snack suggestions for pregnant individuals to ensure they get necessary nutrients.";"2024-11-29 08:36:04";"2024-11-29 08:36:04"
"246";"Vitamin and Mineral Supplements";"Increased nutrient requirements during pregnancy, the importance of prenatal supplements.";"2024-11-29 08:41:42";"2024-11-29 08:41:42"
"247";"Folic Acid";"Importance of folic acid during pregnancy and its food sources.";"2024-11-29 08:42:45";"2024-11-29 08:42:45"
"248";"Iron";"Importance of iron during pregnancy.";"2024-11-29 08:43:24";"2024-11-29 08:43:24"
"249";"Animal-based foods";"Sources of iron from animal-based foods.";"2024-11-29 08:43:58";"2024-11-29 08:43:58"
"250";"Plant-based foods";"Sources of iron from plant-based foods and tips for absorption.";"2024-11-29 08:44:43";"2024-11-29 08:44:43"
"251";"Calcium and vitamin D";"Importance of calcium and vitamin D for pregnancy, and food sources.";"2024-11-29 08:45:33";"2024-11-29 08:45:33"
"252";"Omega-3s";"Importance of omega-3 fatty acids during pregnancy and food sources.";"2024-11-29 08:46:32";"2024-11-29 08:46:32"
"253";"Fibre";"Importance of fiber during pregnancy and food sources.";"2024-11-29 08:47:05";"2024-11-29 08:47:05"
"254";"Drinks";"Hydration needs during pregnancy and recommended beverages.";"2024-11-29 08:47:46";"2024-11-29 08:47:46"
"255";"Coffee and Caffeinated Beverages";"Caffeine intake guidelines during pregnancy.";"2024-11-29 08:48:34";"2024-11-29 08:48:34"
"256";"Herbal Teas";"Safety of herbal teas during pregnancy.";"2024-11-29 08:49:56";"2024-11-29 08:49:56"
"257";"Artificial Sweeteners";"Safety of artificial sweeteners during pregnancy.";"2024-11-29 08:50:29";"2024-11-29 08:50:29"
"258";"Special Needs";"Special dietary considerations during pregnancy, including gestational diabetes.";"2024-11-29 08:51:45";"2024-11-29 08:51:45"
"259";"Twin or Multiple Pregnancies";"Dietary needs and challenges for women carrying multiple babies.";"2024-11-29 08:52:43";"2024-11-29 08:52:43"
"260";"Diets, Vegetarianism and Veganism";"Managing pregnancy with vegetarian or vegan diets.";"2024-11-29 08:53:18";"2024-11-29 08:53:18"
"261";"Dieting, Pregnancy";"Dieting during pregnancy";"2024-11-29 08:54:05";"2024-11-29 08:54:05"
"262";"Preventing allergies, Pregnancy";"Food allergies during pregnancy";"2024-11-29 08:54:58";"2024-11-29 08:54:58"
"263";"Preventing food-borne infections, Hygiene, Pregnancy";"Risk of food-borne infections during pregnancy";"2024-11-29 08:55:25";"2024-11-29 08:55:25"
"264";"Prevention tips for the whole family, Food safety, Family hygiene";"Preventing food-borne infections, Food safety for the family";"2024-11-29 08:56:07";"2024-11-29 08:56:07"
"266";"Cleanliness, Food Safety";"Hand washing, disinfecting surfaces, maintaining hygiene in the kitchen, food handling";"2024-11-29 09:04:02";"2024-11-29 09:04:02"
"267";"Storage, Preservation, Food Safety";"Proper fridge and freezer temperatures, handling perishable foods, storing raw meat";"2024-11-29 09:04:45";"2024-11-29 09:04:45"
"268";"Food Handling, Hygiene, Defrosting";"Washing fruits and vegetables, handling damaged produce, defrosting methods, avoiding cross-contamination";"2024-11-29 09:05:38";"2024-11-29 09:05:38"
"269";"Cooking Safety, Food Temperature, Serving";"Using a food thermometer, cooking frozen vegetables, serving temperature";"2024-11-29 09:06:17";"2024-11-29 09:06:17"
"270";"Pregnancy, Infections, Toxoplasmosis, Listeriosis";"Immune system changes, risks of infections, toxoplasmosis transmission";"2024-11-29 09:07:08";"2024-11-29 09:07:08"
"271";"Listeriosis, Pregnancy, Risks, Symptoms";"Listeria monocytogenes, effects on pregnancy, complications, symptoms";"2024-11-29 09:07:44";"2024-11-29 09:07:44"
"272";"Listeriosis, Foods, Contamination, Prevention";"Listeria monocytogenes, contamination sources, food safety, risk foods";"2024-11-29 09:08:32";"2024-11-29 09:08:32"
"273";"Pregnancy, Meat, Poultry, Food Safety";"Safe meat choices, foods to avoid, reheating, contamination";"2024-11-29 09:09:32";"2024-11-29 09:09:32"
"274";"Pregnancy, Fish, Seafood, Food Safety";"Safe seafood choices, raw fish, reheating";"2024-11-29 09:10:21";"2024-11-29 09:10:21"
"275";"Pregnancy, Eggs, Egg-based Products, Food Safety";"Safe egg preparation, raw or undercooked eggs, pasteurized products";"2024-11-29 09:11:24";"2024-11-29 09:11:24"
"276";"Pregnancy, Fruits, Vegetables, Food Safety";"Safe handling of fruits, vegetables, juice, and sprouts";"2024-11-29 09:11:56";"2024-11-29 09:11:56"
"277";"Pregnancy, Dairy, Milk Safety";"Pasteurized versus unpasteurized dairy products";"2024-11-29 09:12:35";"2024-11-29 09:12:35"
"278";"Pregnancy, Cheese Safety";"Safe cheeses and cheeses to avoid during pregnancy";"2024-11-29 09:13:19";"2024-11-29 09:13:19"
"279";"Health professionals and services";"Prenatal care providers, access to services, midwife options";"2024-11-29 09:15:02";"2024-11-29 09:15:02"
"280";"Doulas";"Role of doulas, choosing a doula, informing health professionals, fees";"2024-11-29 09:15:44";"2024-11-29 09:15:44"
"281";"CLSCs";"Services offered by CLSCs, collaboration with childcare centres, post-birth follow-up";"2024-11-29 09:16:20";"2024-11-29 09:16:20"
"282";"Info-Santé, Info-Social";"Availability of hotline services, health and psychosocial support, access and confidentiality";"2024-11-29 09:16:56";"2024-11-29 09:16:56"
"283";"Prenatal classes";"Topics covered, group setting, partner involvement, finding local classes";"2024-11-29 09:17:34";"2024-11-29 09:17:34"
"284";"Prenatal activities";"Types of activities, benefits, availability, and finding local classes";"2024-11-29 09:18:10";"2024-11-29 09:18:10"
"285";"First Prenatal Appointment";"First appointment timing, health history, physical exam";"2024-11-29 09:31:08";"2024-11-29 09:31:08"
"286";"Questions During First Prenatal Appointment";"Health history, family history, lifestyle, and tests";"2024-11-29 09:36:53";"2024-11-29 09:36:53"
"287";"Physical Exam and Subsequent Appointments";"Full physical exam, gynecological exam, monitoring pregnancy progress";"2024-11-29 09:37:29";"2024-11-29 09:37:29"
"288";"Blood Tests and Urine Analyses";"Blood glucose, anemia, disease screening, Rh factor, rubella antibodies";"2024-11-29 09:38:11";"2024-11-29 09:38:11"
"289";"Vaginal Swabs and STI Screening";"STIs, Group B Streptococcus, screening, antibiotics";"2024-11-29 09:39:49";"2024-11-29 09:39:49"
"290";"Ultrasound Examination";"Baby development, placenta, ultrasound purpose, baby sex";"2024-11-29 09:41:35";"2024-11-29 09:41:35"
"291";"Screening Tests, Prenatal Screening Program";"Trisomy screening, optional tests, decision-making";"2024-11-29 09:42:09";"2024-11-29 09:42:09"
"292";"Biochemical Test, Trisomy Screening";"Blood test, trisomy probability, follow-up tests";"2024-11-29 09:42:52";"2024-11-29 09:42:52"
"293";"Ultrasound, Nuchal Translucency, Trisomy Screening";"Ultrasound test, nuchal translucency, chromosomal abnormalities";"2024-11-29 09:43:24";"2024-11-29 09:43:24"
"294";"Genomic Test, Trisomy Screening";"Genomic test, trisomy 21, 18, and 13, blood test";"2024-11-29 09:43:53";"2024-11-29 09:43:53"
"295";"Diagnostic Test, Chromosomal Anomaly";"Diagnostic test, risk, miscarriage, decision-making, support";"2024-11-29 09:45:35";"2024-11-29 09:45:35"
"296";"Dental Care, Pregnancy";"Dental care during pregnancy, dental visits, non-emergency treatments";"2024-11-29 09:46:10";"2024-11-29 09:46:10"
"297";"Eye Care, Pregnancy";"Vision changes, eye discomfort, eye care during pregnancy";"2024-11-29 09:46:46";"2024-11-29 09:46:46"
"298";"X-rays, Pregnancy";"Safety precautions, potential risks of x-rays during pregnancy";"2024-11-29 09:47:16";"2024-11-29 09:47:16"
"299";"Vaccines, Flu, Pregnancy";"Flu vaccine recommendation during pregnancy";"2024-11-29 09:47:57";"2024-11-29 09:47:57"
"300";"Vaccines, Pertussis, Pregnancy";"Pertussis vaccine recommendation during pregnancy";"2024-11-29 09:48:35";"2024-11-29 09:48:35"
"301";"Contagious Diseases, Pregnancy, Health Precautions";"Contact with contagious diseases during pregnancy";"2024-11-29 09:49:26";"2024-11-29 09:49:26"
"302";"Pertussis, Pregnancy, Whooping Cough, Exposure";"Exposure to pertussis (whooping cough) before due date";"2024-11-29 09:50:13";"2024-11-29 09:50:13"
"303";"Cytomegalovirus (CMV), Pregnancy, Transmission, Risk";"Cytomegalovirus (CMV) during pregnancy";"2024-11-29 09:50:54";"2024-11-29 09:50:54"
"304";"Fifth Disease, Pregnancy, Parvovirus B19, Infection, Risk";"Fifth disease during pregnancy";"2024-11-29 09:51:32";"2024-11-29 09:51:32"
"305";"Rubella, Pregnancy, German Measles, Infection, Risk";"Rubella during pregnancy";"2024-11-29 09:54:06";"2024-11-29 09:54:06"
"306";"Measles, Pregnancy, Infection, Risk, Miscarriage";"Measles during pregnancy";"2024-11-29 09:54:51";"2024-11-29 09:54:51"
"307";"Chickenpox, Pregnancy, Risk, Vaccination, Exposure";"Chickenpox during pregnancy";"2024-11-29 09:55:28";"2024-11-29 09:55:28"
"308";"Contagious diseases, Pregnancy, STIs, Risk";"Other contagious diseases and STI screening during pregnancy";"2024-11-29 09:56:23";"2024-11-29 09:56:23"
"309";"Pregnancy, Medication, Natural health products, Health consultation";"Medication use and health products during pregnancy";"2024-11-29 09:57:45";"2024-11-29 09:57:45"
"310";"Pregnancy, Medication, Health consultation";"Medication use during pregnancy";"2024-11-29 09:58:53";"2024-11-29 09:58:53"
"311";"Over-the-counter medication during pregnancy";"Pregnancy, medication safety, pharmacist consultation";"2024-11-29 10:00:25";"2024-11-29 10:00:25"
"312";"Natural health products during pregnancy";"Pregnancy, natural health products, safety concerns";"2024-11-29 10:01:11";"2024-11-29 10:01:11"
"313";"Pregnancy discomforts and fatigue";"Pregnancy changes, fatigue, tips for relief";"2024-11-29 10:02:44";"2024-11-29 10:02:44"
"314";"Nausea and vomiting in pregnancy";"Causes, relief, when to seek help";"2024-11-29 10:03:36";"2024-11-29 10:03:36"
"315";"Leg cramps during pregnancy";"Causes, relief, when to seek medical help";"2024-11-29 10:04:20";"2024-11-29 10:04:20"
"316";"Heartburn and acid reflux during pregnancy";"Causes, relief strategies, when to seek medical advice";"2024-11-29 10:05:07";"2024-11-29 10:05:07"
"317";"Constipation during pregnancy";"Causes, relief strategies, when to seek medical advice";"2024-11-29 10:05:56";"2024-11-29 10:05:56"
"318";"Hemorrhoids during pregnancy";"Causes, relief strategies, when to seek medical advice";"2024-11-29 10:06:45";"2024-11-29 10:06:45"
"319";"Varicose veins and swelling";"Causes, relief strategies, when to seek medical advice";"2024-11-29 10:07:33";"2024-11-29 10:07:33"
"320";"Numbness and pain in the hands";"Causes, relief strategies, when to seek medical advice";"2024-11-29 10:08:41";"2024-11-29 10:08:41"
"321";"Back pain";"Causes, relief strategies, when to seek medical advice";"2024-11-29 10:09:23";"2024-11-29 10:09:23"
"322";"Pregnancy gingivitis";"Causes, prevention, when to see a dentist";"2024-11-29 10:10:45";"2024-11-29 10:10:45"
"323";"Common health problems during pregnancy";"Health issues unrelated to pregnancy";"2024-11-29 10:12:31";"2024-11-29 10:12:31"
"324";"Vaginal bleeding in early pregnancy";"Bleeding causes, consultation, emergency situations";"2024-11-29 10:24:56";"2024-11-29 10:24:56"
"325";"Vaginal bleeding after 14 weeks of pregnancy";"Causes, consultation, and evaluation";"2024-11-29 10:25:43";"2024-11-29 10:25:43"
"326";"Loss of consciousness (fainting) during pregnancy";"Causes, symptoms, and when to seek help";"2024-11-29 10:26:23";"2024-11-29 10:26:23"
"327";"Severe headaches, upper abdominal pain, or vision changes during pregnancy";"Symptoms to watch for, when to seek medical help";"2024-11-29 10:27:43";"2024-11-29 10:27:43"
"328";"Fever during pregnancy";"Fever as a sign of infection, pregnancy risks";"2024-11-29 10:31:01";"2024-11-29 10:31:01"
"329";"Fever management during pregnancy";"When to seek medical advice for fever, acetaminophen use";"2024-11-29 10:31:52";"2024-11-29 10:31:52"
"330";"Baby movement during pregnancy";"Reduced or lack of baby movement after 26 weeks";"2024-11-29 10:32:38";"2024-11-29 10:32:38"
"331";"Contractions before 37 weeks";"Difference between Braxton Hicks contractions and real contractions";"2024-11-29 10:33:46";"2024-11-29 10:33:46"
"332";"Premature labor symptoms";"Regular contractions and increased discharge before 37 weeks";"2024-11-29 10:34:33";"2024-11-29 10:34:33"
"333";"Abdominal pain and heartburn";"Symptoms of heartburn and its causes";"2024-11-29 10:35:41";"2024-11-29 10:35:41"
"334";"Intestinal cramps";"Symptoms of intestinal cramps and their causes";"2024-11-29 10:36:28";"2024-11-29 10:36:28"
"335";"Urinary tract infection";"Symptoms and signs of a urinary tract infection (UTI)";"2024-11-29 10:37:10";"2024-11-29 10:37:10"
"336";"Ligament pain";"Symptoms of ligament pain during pregnancy";"2024-11-29 10:37:50";"2024-11-29 10:37:50"
"337";"Uterine contractions";"Symptoms and characteristics of uterine contractions";"2024-11-29 10:38:39";"2024-11-29 10:38:39"
"338";"Loss of amniotic fluid";"Amniotic fluid discharge and its significance";"2024-11-29 10:39:30";"2024-11-29 10:39:30"
"339";"Types of discharge during pregnancy";"Identifying vaginal discharge, urine, and amniotic fluid";"2024-11-29 10:41:19";"2024-11-29 10:41:19"
"340";"Miscarriage and mourning";"Early pregnancy bleeding and miscarriage";"2024-11-29 10:42:24";"2024-11-29 10:42:24"
"341";"Rh negative blood, miscarriage";"Rh negative blood and miscarriage risk";"2024-11-29 10:43:14";"2024-11-29 10:43:14"
"342";"Miscarriage risk with age";"Miscarriage risk increases with age, particularly for women aged 35 and older.";"2024-11-29 10:44:59";"2024-11-29 10:44:59"
"343";"Trying to conceive after miscarriage";"Wait for one normal menstrual cycle after miscarriage before trying again; consult a health professional after multiple miscarriages.";"2024-11-29 10:45:53";"2024-11-29 10:45:53"
"344";"Ectopic pregnancy";"Rare occurrence of embryo implantation outside the uterus; requires medication or surgery.";"2024-11-29 10:46:51";"2024-11-29 10:46:51"
"345";"Grieving after pregnancy loss";"Emotional reactions to miscarriage or ectopic pregnancy; myths about causes; seeking support.";"2024-11-29 10:47:51";"2024-11-29 10:47:51"
"346";"Grieving the loss of an unborn child";"Emotional impact of pregnancy loss, grieving process, seeking support, informing others, and parental benefits.";"2024-11-29 10:48:49";"2024-11-29 10:48:49"
"347";"High blood pressure during pregnancy";"Hypertension, blood pressure, treatment, hospitalization, inducing labor.";"2024-11-29 10:50:41";"2024-11-29 10:50:41"
"348";"Multiple pregnancies";"Twins, prenatal care, identical twins, fraternal twins, family planning.";"2024-11-29 10:56:57";"2024-11-29 10:56:57"
"349";"Multiple pregnancies complications";"Pregnancy discomfort, preterm labor, prenatal care, nutritional needs, support for parents of multiples.";"2024-11-29 10:58:00";"2024-11-29 10:58:00"
"350";"Domestic violence during pregnancy";"Abusive relationships, signs of violence, control in relationships.";"2024-11-29 10:58:58";"2024-11-29 10:58:58"
"351";"Impact of domestic violence during pregnancy";"Consequences on health, breaking the silence, seeking help.";"2024-11-29 10:59:54";"2024-11-29 10:59:54"
"352";"Decision to breastfeed";"Health recommendations, reasons for breastfeeding, preparation for challenges.";"2024-11-29 11:01:57";"2024-11-29 11:01:57"
"353";"Breastfeeding and health";"Benefits of breastfeeding for baby and mother, illness precautions, medication safety.";"2024-11-29 11:03:04";"2024-11-29 11:03:04"
"354";"A learned skill in breastfeeding";"Breastfeeding as a learning process, challenges, and support during the early stages.";"2024-11-29 11:04:38";"2024-11-29 11:04:38"
"355";"Starting milk production - Colostrum";"The early stages of breastfeeding, the role of colostrum, and the initiation of milk production post-birth.";"2024-11-29 11:06:16";"2024-11-29 11:06:16"
"356";"Breast stimulation";"The importance of breast stimulation for milk production and preventing engorgement.";"2024-11-29 11:07:07";"2024-11-29 11:07:07"
"357";"When your breast milk ""comes in""";"The process of milk coming in after childbirth.";"2024-11-29 11:08:22";"2024-11-29 11:08:22"
"358";"The composition of breast milk";"The makeup and nutritional content of breast milk.";"2024-11-29 11:09:12";"2024-11-29 11:09:12"
"359";"Ways to make breastfeeding easier";"Tips for initiating breastfeeding and improving the experience.";"2024-11-29 11:10:13";"2024-11-29 11:10:13"
"360";"Staying close to baby and being attentive to hunger signs";"The importance of proximity and awareness of hunger cues for breastfeeding.";"2024-11-29 11:11:07";"2024-11-29 11:11:07"
"361";"Bringing your baby to the breast";"Establishing a good latch for effective breastfeeding and pain prevention.";"2024-11-29 11:11:58";"2024-11-29 11:11:58"
"362";"Breastfeeding on demand or often enough to meet babys needs";"Addressing the frequency and duration of breastfeeding sessions.";"2024-11-29 11:12:51";"2024-11-29 11:12:51"
"363";"Information and precautions regarding bottles and pacifiers";"Addressing potential impacts of bottle-feeding and pacifier use on breastfeeding.";"2024-11-29 11:14:03";"2024-11-29 11:14:03"
"364";"Breastfeeding accessories";"Overview of optional breastfeeding accessories and their usefulness.";"2024-11-29 11:14:55";"2024-11-29 11:14:55"
"365";"Common concerns and possible problems";"Addressing common concerns and problems related to breastfeeding.";"2024-11-29 11:15:43";"2024-11-29 11:15:43"
"366";"The importance of a support network";"Emphasizing the role of partners and support systems in breastfeeding.";"2024-11-29 11:17:55";"2024-11-29 11:17:55"
"367";"Support from family and friends";"Encouraging open communication with family and friends regarding breastfeeding plans.";"2024-11-29 11:18:51";"2024-11-29 11:18:51"
"368";"Preparing for childbirth";"Guidance on preparing for birth and hospital or birthing center stay.";"2024-11-29 11:20:13";"2024-11-29 11:20:13"
"369";"What to bring to the hospital or birthing centre";"Items to pack for the mothers hospital stay";"2024-11-29 11:22:59";"2024-11-29 11:22:59"
"370";"What to bring for the partner and baby";"Items to pack for the partner and baby during the hospital stay";"2024-11-29 11:26:35";"2024-11-29 11:26:35"
"371";"Vaginal Birth After Caesarean (VBAC)";"Advantages, risks, and possibility of VBAC after a previous C-section";"2024-11-29 11:28:25";"2024-11-29 11:28:25"
"372";"Decision to Have a VBAC";"Factors influencing VBAC decision, changing plans, and the role of healthcare providers";"2024-11-29 11:29:31";"2024-11-29 11:29:31"
"373";"Preparing for a VBAC";"Preparing for a vaginal birth after C-section, support during labor, pain relief options";"2024-11-29 11:30:55";"2024-11-29 11:30:55"
"374";"Breech Presentation";"Turning a breech baby, vaginal delivery of breech babies, cesarean option";"2024-11-29 11:32:01";"2024-11-29 11:32:01"
"375";"Birth Plan";"Preparing a birth plan, communicating preferences, hospital features";"2024-11-29 11:33:13";"2024-11-29 11:33:13"
"376";"Birth Plan Considerations";"Support during birth, coping with pain, environment, techniques, positions";"2024-11-29 11:34:26";"2024-11-29 11:34:26"
"377";"Interventions During Childbirth";"Possible interventions, reasons, effects, and unexpected developments";"2024-11-29 11:35:29";"2024-11-29 11:35:29"
"378";"First Moments with Your Baby";"Skin-to-skin contact, rooming-in, privacy, and hospital routines";"2024-11-29 11:36:37";"2024-11-29 11:36:37"
"379";"Exams and Interventions After Birth";"Post-birth procedures, breastfeeding support, hospital measures";"2024-11-29 11:37:43";"2024-11-29 11:37:43"
"380";"Feeding Your Baby";"Breastfeeding plans, hospital support, formula use";"2024-11-29 11:39:25";"2024-11-29 11:39:25"
"381";"Preparing for Babys Arrival at Home";"Tips for organizing the home, asking for help, and being flexible";"2024-11-29 11:45:04";"2024-11-29 11:45:04"
"382";"Labor Onset and Mucus Plug";"Timing of labor, mucus plug, and signs of labor";"2024-11-29 11:46:29";"2024-11-29 11:46:29"
"383";"Contractions and Labor";"Contractions as the start of labor, pain variations";"2024-11-29 11:47:42";"2024-11-29 11:47:42"
"384";"Breaking of the Waters";"Rupture of the amniotic membrane, labor onset";"2024-11-29 11:49:44";"2024-11-29 11:49:44"
"385";"When to Go to the Hospital";"Contractions, water breaking, blood loss, lack of movement";"2024-11-29 11:52:51";"2024-11-29 11:52:51"
"386";"Coping with Labor Pain";"Labor pain, coping techniques, contractions";"2024-11-29 11:57:14";"2024-11-29 11:57:14"
"387";"Support During Childbirth";"Importance of having a trusted companion, partners role in labor";"2024-11-29 12:56:48";"2024-11-29 12:56:48"
"388";"Supportive Birthing Environment";"Importance of calmness, safety, and confidence during childbirth";"2024-11-29 12:59:43";"2024-11-29 12:59:43"
"389";"Coping with Childbirth Pain";"Techniques such as movement and positioning to alleviate labor pain";"2024-11-29 13:00:26";"2024-11-29 13:00:26"
"390";"Using Water for Pain Relief";"Baths and showers as pain management options during childbirth";"2024-11-29 13:01:13";"2024-11-29 13:01:13"
"391";"Massage for Pain Relief";"Massage techniques during childbirth";"2024-11-29 13:01:51";"2024-11-29 13:01:51"
"392";"Compresses and Relaxation Methods";"Pain relief techniques with compresses and relaxation methods during childbirth";"2024-11-29 13:03:18";"2024-11-29 13:03:18"
"393";"Additional Pain Relief Techniques";"Sterile water injections, TENS machines, and pain medication as options";"2024-11-29 13:04:04";"2024-11-29 13:04:04"
"394";"Childbirth Pain Coping Strategies";"Emotional support, movement, relaxation, and sensory comfort during labour";"2024-11-29 13:04:54";"2024-11-29 13:04:54"
"395";"Positions for Labour Comfort";"Cervical dilation, relaxation, and effective labour positions";"2024-11-29 13:05:42";"2024-11-29 13:05:42"
"396";"Stages of Labor";"Childbirth, labor stages, cervix dilation, baby birth, placenta delivery";"2024-11-29 13:11:05";"2024-11-29 13:11:05"
"397";"Latent Phase of Labor";"Early labor, contractions, false labor, cervix ripening, hospital visit";"2024-11-29 13:12:05";"2024-11-29 13:12:05"
"398";"Active Labor and Descent";"Active labor, contraction intensity, cervix dilation, second stage, emotional experience";"2024-11-29 13:13:22";"2024-11-29 13:13:22"
"399";"Pushing Stage";"Cervix dilation, urge to push, bowel movement, perineal tear, epidural impact";"2024-11-29 13:14:22";"2024-11-29 13:14:22"
"400";"Pushing Stage";"Cervix dilation, urge to push, bowel movement, perineal tear, epidural impact";"2024-11-29 13:15:28";"2024-11-29 13:15:28"
"401";"Delivery of Placenta";"Placenta delivery, uterine contractions, breastfeeding, hemorrhaging, oxytocin";"2024-11-29 13:18:03";"2024-11-29 13:18:03"
"402";"First Moments with Baby";"Skin-to-skin contact, newborn care, breastfeeding, bonding, health benefits";"2024-11-29 13:18:56";"2024-11-29 13:18:56"
"403";"Post-birth Bonding";"Skin-to-skin alternatives, bonding with baby, parental connection, emotional discovery";"2024-11-29 13:20:04";"2024-11-29 13:20:04"
"404";"Membrane Sweep";"Stripping membranes, procedure for inducing labour, discomfort, spotting";"2024-11-29 13:21:07";"2024-11-29 13:21:07"
"405";"Inducing Labour";"Medical reasons for induction, health of mother or baby, after 41 weeks, water breaking without contractions";"2024-11-29 13:21:59";"2024-11-29 13:21:59"
"406";"Methods of Inducing Labour";"Cervix ripeness, hormonal treatments, catheter with balloon, medication, rupturing the amniotic membrane";"2024-11-29 13:23:01";"2024-11-29 13:23:01"
"407";"Stimulating Labour";"Oxytocin, cervix dilation, strengthening contractions";"2024-11-29 13:23:50";"2024-11-29 13:23:50"
"408";"Fetal Monitoring";"Monitoring duration, sensors, heartbeat, contractions, movement";"2024-11-29 13:25:09";"2024-11-29 13:25:09"
"409";"Reasons for Fetal Monitoring";"Health problems, baby concerns, last trimester";"2024-11-29 13:26:05";"2024-11-29 13:26:05"
"410";"Inducing or Stimulating Labour";"Monitoring during induction or stimulation, ensuring babys well-being";"2024-11-29 13:26:53";"2024-11-29 13:26:53"
"411";"Labour Monitoring";"Reasons for monitoring during labour, when its necessary";"2024-11-29 13:27:44";"2024-11-29 13:27:44"
"412";"Pain Medication Options";"Pain relief methods available during labor";"2024-11-29 13:31:45";"2024-11-29 13:31:45"
"413";"Epidural Anaesthesia";"Pain relief method during labor";"2024-11-29 13:32:59";"2024-11-29 13:32:59"
"414";"Epidural Anaesthesia - Pre-Procedure & Effects";"Steps before epidural and its potential effects";"2024-11-29 13:33:57";"2024-11-29 13:33:57"
"415";"Narcotics for Pain Relief";"Use of narcotics for pain relief during labor";"2024-11-29 13:34:40";"2024-11-29 13:34:40"
"416";"Nitrous Oxide for Pain Relief";"Use of nitrous oxide (""laughing gas"") during labor";"2024-11-29 13:35:26";"2024-11-29 13:35:26"
"417";"Pudendal Nerve Block for Pain Relief";"Use of pudendal nerve block during labor";"2024-11-29 13:36:53";"2024-11-29 13:36:53"
"418";"Episiotomy in Childbirth";"Procedure, purpose, and concerns regarding episiotomy";"2024-11-29 13:38:28";"2024-11-29 13:38:28"
"419";"Caesarean Section (C-Section)";"Definition, procedure, and statistics";"2024-11-29 13:40:04";"2024-11-29 13:40:04"
"420";"Caesarean Section";"Planned and unplanned C-sections, medical reasons";"2024-11-29 13:41:59";"2024-11-29 13:41:59"
"421";"Caesarean Delivery";"Procedures, anaesthesia, skin-to-skin contact, incision";"2024-11-29 13:43:27";"2024-11-29 13:43:27"
"422";"Caesarean Consequences";"Short-term effects, long-term effects, complications, babys health";"2024-11-29 13:45:33";"2024-11-29 13:45:33"
"423";"Recovering from a Caesarean";"Recovery process, pain relief, incision care, returning to activities";"2024-11-29 13:47:11";"2024-11-29 13:47:11"
"424";"Skin-to-skin contact with newborn";"Emotional bonding, soothing, breastfeeding assistance";"2024-11-29 13:48:01";"2024-11-29 13:48:01"
"425";"Hospital and birthing centre stay";"Duration of stay, rooming-in, car seat, vaccination counselor";"2024-11-29 13:49:15";"2024-11-29 13:49:15"
"426";"Newborn care";"Vitamin K shot, antibiotic ointment, preventive care, health professionals";"2024-11-29 13:50:06";"2024-11-29 13:50:06"
"427";"Newborn physical examination";"Health check, potential issues, hospital stay";"2024-11-29 13:51:10";"2024-11-29 13:51:10"
"428";"Neonatal screening, early detection";"Blood screening, urine screening, rare diseases, health risks";"2024-11-29 13:52:05";"2024-11-29 13:52:05"
"429";"Unexpected birth complications, premature baby";"Health problems, hospitalization, premature birth, adjusting to new reality";"2024-11-29 13:53:25";"2024-11-29 13:53:25"
"430";"Premature baby care, neonatal intensive care";"Incubator, phototherapy, intravenous solution, breathing assistance, feeding support";"2024-11-29 13:54:29";"2024-11-29 13:54:29"
"431";"Care for late preterm babies, feeding support, phototherapy";"Late preterm, feeding help, jaundice, breathing assistance";"2024-11-29 13:55:30";"2024-11-29 13:55:30"
"432";"Coping with babys hospitalization, support, asking questions, mental health";"Guilt, asking questions, emotional support, rest, psychological help";"2024-11-29 13:56:55";"2024-11-29 13:56:55"
"433";"Hospital stay, breastfeeding, skin-to-skin, parental support";"Coping with babys hospitalization, skin-to-skin, rooming-in, milk production";"2024-11-29 13:58:02";"2024-11-29 13:58:02"
"434";"Expressing milk, breastfeeding, milk production, premature baby care";"Expressing milk when baby can't breastfeed, using breast pumps, supporting milk production, adding supplements";"2024-11-29 13:58:56";"2024-11-29 13:58:56"
"435";"Hospital visits, siblings, newborn care, family communication";"Managing hospital visits and supporting siblings during newborn hospitalization";"2024-11-29 14:00:01";"2024-11-29 14:00:01"
"436";"Loss of newborn, grief, coping with loss";"Coping with the loss of a newborn, particularly in the case of premature birth or birth defects.";"2024-11-29 14:01:34";"2024-11-29 14:01:34"
"437";"Grief, baby loss, mourning process, emotional healing";"Coping with the emotional aftermath of losing a baby, including the different grieving processes.";"2024-11-29 14:02:28";"2024-11-29 14:02:28"
"438";"Postpartum Recovery";"Recovery after childbirth, signs of complications, when to seek medical help";"2024-11-29 14:05:36";"2024-11-29 14:05:36"
"439";"Uterine Contractions";"Contractions during breastfeeding, increased intensity in subsequent pregnancies";"2024-11-29 14:06:34";"2024-11-29 14:06:34"
"440";"Lochia and Postpartum Bleeding";"Blood loss after childbirth, passing clots, changes in discharge color and texture, use of sanitary pads";"2024-11-29 14:07:28";"2024-11-29 14:07:28"
"441";"Postpartum Hygiene";"Hygiene tips after childbirth, care after vaginal and caesarean delivery";"2024-11-29 14:08:21";"2024-11-29 14:08:21"
"442";"Postpartum Stitches Care";"Care for stitches after vaginal or caesarean delivery";"2024-11-29 14:09:20";"2024-11-29 14:09:20"
"443";"Postpartum Bowel Movements";"Dealing with constipation after vaginal or caesarean delivery";"2024-11-29 14:11:04";"2024-11-29 14:11:04"
"444";"Postpartum Urinary and Pelvic Floor Care";"Urine leakage, pelvic floor recovery, and perineum health after childbirth";"2024-11-29 14:13:02";"2024-11-29 14:13:02"
"445";"Postpartum Fatigue";"Recovery time, energy levels, and the importance of self-care after childbirth";"2024-11-29 14:13:53";"2024-11-29 14:13:53"
"446";"Postpartum Physical Activity";"Resuming exercise after childbirth, gradual increase in activity, importance of listening to your body";"2024-11-29 14:15:05";"2024-11-29 14:15:05"
"447";"Postpartum Weight Loss";"Gradual weight loss after childbirth, importance of patience, balanced diet, and active lifestyle";"2024-11-29 14:16:49";"2024-11-29 14:16:49"
"448";"Postpartum Mood Swings";"Baby blues, tips for coping, signs of depression";"2024-11-29 14:18:08";"2024-11-29 14:18:08"
"449";"Postpartum Depression";"Symptoms, signs, and when to seek help";"2024-11-29 14:19:12";"2024-11-29 14:19:12"
"450";"Postpartum Depression in Men";"Symptoms and seeking support";"2024-11-29 14:21:17";"2024-11-29 14:21:17"
"451";"Postpartum Sexuality";"Sexual desire and intimacy after childbirth";"2024-11-29 14:23:37";"2024-11-29 14:23:37"
"452";"Postpartum Birth Control";"LAM method, breastfeeding, natural birth control";"2024-11-29 14:26:07";"2024-11-29 14:26:07"
"453";"Birth Control Methods";"Contraceptive options, assessment with healthcare professional, effectiveness";"2024-11-29 14:26:59";"2024-11-29 14:26:59"
"454";"Contraceptive Implants";"Timing for starting contraceptive implants after birth";"2024-11-29 14:27:55";"2024-11-29 14:27:55"
"455";"Hormonal IUD";"Timing for starting hormonal IUD after birth";"2024-11-29 14:28:36";"2024-11-29 14:28:36"
"456";"Copper IUD";"Timing for starting copper IUD after birth";"2024-11-29 14:29:20";"2024-11-29 14:29:20"
"457";"Contraceptive injection";"Timing for starting contraceptive injection";"2024-11-29 14:30:19";"2024-11-29 14:30:19"
"458";"Progestin-only pill";"Timing for starting progestin-only pill";"2024-11-29 14:31:09";"2024-11-29 14:31:09"
"459";"Combined hormonal contraceptives";"Timing for starting combined hormonal contraceptives";"2024-11-29 14:32:01";"2024-11-29 14:32:01"
"460";"Diaphragm, Cervical cap";"Timing for starting diaphragm and cervical cap after birth";"2024-11-29 14:33:37";"2024-11-29 14:33:37"
"461";"Condom";"Timing for starting condom use after birth";"2024-11-29 14:34:23";"2024-11-29 14:34:23"
"462";"Hormonal contraceptives and milk production";"Effects of hormonal contraceptives on breastfeeding";"2024-11-29 14:35:24";"2024-11-29 14:35:24"
"463";"Emergency contraception";"Emergency contraception methods, breastfeeding considerations";"2024-11-29 14:38:59";"2024-11-29 14:38:59"
"464";"Copper IUD";"Insertion timing after unprotected sex";"2024-11-29 14:40:37";"2024-11-29 14:40:37"
"465";"Fetal position";"Baby's position after birth";"2024-11-29 14:41:51";"2024-11-29 14:41:51"
"466";"Baby size and weight";"Full-term baby weight, weight loss after birth";"2024-11-29 14:43:16";"2024-11-29 14:43:16"
"467";"Newborn skin";"Skin color, mottling, vernix caseosa, and sensitivity";"2024-11-29 14:44:20";"2024-11-29 14:44:20"
"468";"Newborn eyes";"Eye color, tear production, changes";"2024-11-29 14:45:24";"2024-11-29 14:45:24"
"469";"Baby head development";"Neck, skull, fontanels, and head shape";"2024-11-29 14:48:16";"2024-11-29 14:48:16"
"470";"Swollen breasts in newborns";"Baby, breast swelling, milk production";"2024-11-29 14:50:10";"2024-11-29 14:50:10"
"471";"Newborn genital care";"Genital development, labia minora, testicles, foreskin, circumcision";"2024-11-29 14:51:09";"2024-11-29 14:51:09"
"472";"Newborn skin spots";"Red spots, bluish marks, temporary vs. permanent marks";"2024-11-29 14:52:15";"2024-11-29 14:52:15"
"473";"Baby sneezing";"Normal sneezing, nasal development, and breathing";"2024-11-29 14:53:09";"2024-11-29 14:53:09"
"474";"Baby hiccups";"Hiccups after feeding, harmless";"2024-11-29 14:54:34";"2024-11-29 14:54:34"
"475";"Baby warmth";"Room temperature, comfort, and blankets";"2024-11-29 14:55:24";"2024-11-29 14:55:24"
"476";"Baby urine";"Urine color, frequency, hydration";"2024-11-29 14:56:34";"2024-11-29 14:56:34"
"477";"Baby stools";"Stool frequency, color, and consistency";"2024-11-29 14:57:54";"2024-11-29 14:57:54"
"478";"Baby crying";"Understanding and soothing your baby's crying";"2024-11-29 14:59:15";"2024-11-29 14:59:15"
"479";"Excessive crying (colic)";"Understanding and managing colic in babies";"2024-11-29 15:00:11";"2024-11-29 15:00:11"
"480";"Soothing techniques for crying baby";"Baby's needs, soothing methods, professional consultation";"2024-11-29 15:02:11";"2024-11-29 15:02:11"
"481";"Coping with excessive crying";"Feeling overwhelmed, taking a break, seeking help";"2024-11-29 15:03:51";"2024-11-29 15:03:51"
"482";"Breath-holding spells";"Breath-holding spell, turning blue, reassurance";"2024-11-29 15:04:52";"2024-11-29 15:04:52"
"483";"Sucking reflex, pacifier use";"Sucking reflex, pacifier, thumb-sucking, dental concerns";"2024-11-29 15:05:56";"2024-11-29 15:05:56"
"484";"Choosing a pacifier, safety";"Pacifier selection, age-appropriate, teething, safety concerns";"2024-11-29 15:07:09";"2024-11-29 15:07:09"
"485";"Cleaning pacifier, safety";"Pacifier disinfection, safety checks, wear and tear";"2024-11-29 15:08:36";"2024-11-29 15:08:36"
"486";"Baby touch, communication, massage";"Importance of touch, baby massage, soothing techniques";"2024-11-29 15:10:09";"2024-11-29 15:10:09"
"487";"Baby massage, technique, soothing";"Steps for baby massage, comfort, safety precautions";"2024-11-29 15:11:07";"2024-11-29 15:11:07"
"488";"Baby's senses, taste, smell, bonding";"Sense of smell and taste in newborns, bonding through scent";"2024-11-29 15:11:57";"2024-11-29 15:11:57"
"489";"Baby's hearing, sound sensitivity, hearing test";"Newborn's ability to hear, sensitivity to familiar sounds, evaluating hearing";"2024-11-29 15:12:52";"2024-11-29 15:12:52"
"490";"Baby's eyesight, visual development, communication through sight";"Baby's ability to see, visual preferences, development milestones";"2024-11-29 15:14:20";"2024-11-29 15:14:20"
"491";"Baby sleep safety, sleeping position, safe sleep environment";"Proper sleeping position, safe sleep practices, crib safety";"2024-11-29 15:15:26";"2024-11-29 15:15:26"
"492";"Sleeping with Baby, Safety";"Sharing a bed, accidents, safe sleep practices";"2024-11-29 15:21:23";"2024-11-29 15:21:23"
"493";"Sleeping Away from Home, Travel Safety";"Safe sleep practices, temporary sleeping arrangements, stroller, car seat";"2024-11-29 15:24:04";"2024-11-29 15:24:04"
"494";"Sudden Infant Death Syndrome (SIDS), Infant Sleep Safety";"SIDS risk factors, safe sleep recommendations, breastfeeding, smoking";"2024-11-29 15:25:42";"2024-11-29 15:25:42"
"495";"Flat Head, Positional Plagiocephaly, Infant Sleep";"Preventing flat head, positional plagiocephaly, soft skull bones";"2024-11-29 15:27:06";"2024-11-29 15:27:06"
"496";"Baby Sleep, Sleep Cycles, Newborn Sleep Patterns";"Sleep cycles, agitated sleep, feeding encouragement";"2024-11-29 15:29:29";"2024-11-29 15:29:29"
"497";"Baby Sleep, 4-Month Sleep Patterns, Self-Soothing";"Sleep duration, self-soothing, feeding habits";"2024-11-29 15:30:41";"2024-11-29 15:30:41"
"498";"Bedtime Routine, Baby Sleep, Self-Soothing";"Bedtime actions, establishing a routine, self-soothing";"2024-11-29 15:33:35";"2024-11-29 15:33:35"
"499";"Sleeping Through the Night, Baby Sleep, Sleep Patterns";"Sleep duration, baby sleep rhythm, nighttime feeding";"2024-11-29 15:34:39";"2024-11-29 15:34:39"
"500";"Sleep After 6 Months, Separation Anxiety, Baby Sleep Patterns";"Night waking, separation anxiety, reassuring baby";"2024-11-29 15:37:26";"2024-11-29 15:37:26"
"501";"Baby Sleep, Sleep Training, Night Waking, Bedtime Routine";"Going back to sleep, sleep training methods, health check, improving bedtime routine";"2024-11-29 15:38:56";"2024-11-29 15:38:56"
"502";"Toddler Sleep, Napping, Sleep Duration";"Sleep patterns, nap transitions, individual sleep needs";"2024-11-29 15:41:15";"2024-11-29 15:41:15"
"503";"Sleep Problems, Separation Anxiety, Bedtime Routine";"Crying at bedtime, separation anxiety, reassurance strategies";"2024-11-29 15:42:58";"2024-11-29 15:42:58"
"504";"Nightmares, Night Terrors, Reassurance, Child Sleep";"Nightmares, night terrors, and ways to handle them in children.";"2024-11-29 15:44:48";"2024-11-29 15:44:48"
"505";"Disturbed Sleep, Bedtime Routine, Child Sleep, Health Professional";"Guidelines for identifying disturbed sleep in children and when to seek help.";"2024-11-29 15:46:20";"2024-11-29 15:46:20"
"506";"Child bonding and confidence";"Building trust, attachment, responding to baby's needs, confidence development";"2024-11-29 15:49:43";"2024-11-29 15:49:43"
"507";"Baby temperament and individual differences";"Baby character, reactions, mood, energy, adaptability, sensitivity";"2024-11-29 15:52:53";"2024-11-29 15:52:53"
