"id";"intent_id";"content";"created_at";"updated_at"
"4";"3";"Why do I feel tired and weak?";"2024-06-21 05:50:20";"2024-06-21 05:50:20"
"5";"3";"What could be causing my tiredness and weakness?";"2024-06-21 05:50:34";"2024-06-21 05:50:34"
"6";"3";"Why am I always feeling so exhausted and weak?";"2024-06-21 05:50:48";"2024-06-21 05:50:48"
"7";"3";"What are the reasons for feeling fatigued and weak?";"2024-06-21 05:51:03";"2024-06-21 05:51:03"
"8";"4";"Why do I feel pain or burning when I use the bathroom?";"2024-06-21 05:53:22";"2024-06-21 05:53:22"
"9";"4";"What could be causing pain or burning during urination?";"2024-06-21 05:53:35";"2024-06-21 05:53:35"
"10";"4";"Why is it painful or burning when I pee?";"2024-06-21 05:53:47";"2024-06-21 05:53:47"
"11";"4";"What are the reasons for experiencing burning sensation when urinating?";"2024-06-21 05:53:58";"2024-06-21 05:53:58"
"12";"5";"Why do I feel fever, tiredness, or shakiness?";"2024-06-21 06:02:04";"2024-06-21 06:02:04"
"13";"5";"What could be causing my fever, tiredness, or shakiness?";"2024-06-21 06:02:17";"2024-06-21 06:02:17"
"14";"5";"Why am I experiencing fever, fatigue, and shakiness?";"2024-06-21 06:02:28";"2024-06-21 06:02:28"
"15";"5";"What are the reasons for feeling feverish, tired, or shaky?";"2024-06-21 06:02:43";"2024-06-21 06:02:43"
"16";"6";"Why do I have a low or sad mood?";"2024-06-21 06:04:55";"2024-06-21 06:04:55"
"17";"6";"What could be causing my low or sad mood?";"2024-06-21 06:05:07";"2024-06-21 06:05:07"
"18";"6";"Why am I feeling depressed or down?";"2024-06-21 06:05:18";"2024-06-21 06:05:18"
"19";"6";"What are the reasons for feeling consistently sad or low?";"2024-06-21 06:05:29";"2024-06-21 06:05:29"
"20";"7";"Why is my blood pressure high?";"2024-06-21 06:09:14";"2024-06-21 06:09:14"
"21";"7";"What could be causing my high blood pressure?";"2024-06-21 06:09:28";"2024-06-21 06:09:28"
"22";"7";"Why do I have hypertension?";"2024-06-21 06:09:38";"2024-06-21 06:09:38"
"23";"7";"What are the reasons for elevated blood pressure?";"2024-06-21 06:09:51";"2024-06-21 06:09:51"
"24";"8";"Why are my glucose levels high?";"2024-06-21 06:12:05";"2024-06-21 06:12:05"
"25";"8";"What could be causing my high blood sugar?";"2024-06-21 06:12:22";"2024-06-21 06:12:22"
"26";"8";"Why do I have elevated glucose levels?";"2024-06-21 06:12:35";"2024-06-21 06:12:35"
"27";"8";"What are the reasons for high blood sugar during pregnancy?";"2024-06-21 06:12:48";"2024-06-21 06:12:48"
"28";"9";"What is preeclampsia?";"2024-06-21 06:17:06";"2024-06-21 06:17:06"
"29";"9";"Can you explain what preeclampsia is?";"2024-06-21 06:17:19";"2024-06-21 06:17:19"
"30";"9";"What are the details about preeclampsia?";"2024-06-21 06:17:33";"2024-06-21 06:17:33"
"31";"9";"What does preeclampsia mean in pregnancy?";"2024-06-21 06:17:44";"2024-06-21 06:17:44"
"32";"10";"Why do I have labor pains before my due date?";"2024-06-21 06:20:29";"2024-06-21 06:20:29"
"33";"10";"What could be causing contractions before my due date?";"2024-06-21 06:20:41";"2024-06-21 06:20:41"
"34";"10";"Why am I experiencing labor pains early?";"2024-06-21 06:20:54";"2024-06-21 06:20:54"
"35";"10";"What are the reasons for having contractions before my due date?";"2024-06-21 06:21:07";"2024-06-21 06:21:07"
"36";"11";"Why do I vomit too much?";"2024-06-21 06:24:02";"2024-06-21 06:24:02"
"37";"11";"What could be causing excessive vomiting?";"2024-06-21 06:24:14";"2024-06-21 06:24:14"
"38";"11";"Why am I experiencing frequent vomiting?";"2024-06-21 06:24:25";"2024-06-21 06:24:25"
"39";"11";"What are the reasons for severe vomiting during pregnancy?";"2024-06-21 06:24:37";"2024-06-21 06:24:37"
"40";"12";"Why do I have swollen feet?";"2024-06-21 06:27:25";"2024-06-21 06:27:25"
"41";"12";"What could be causing swelling in my feet?";"2024-06-21 06:27:35";"2024-06-21 06:27:35"
"42";"12";"Why are my feet swollen during pregnancy?";"2024-06-21 06:27:48";"2024-06-21 06:27:48"
"43";"12";"What are the reasons for swollen feet in pregnancy?";"2024-06-21 06:28:00";"2024-06-21 06:28:00"
"44";"13";"What complications will I get when being obese during pregnancy?";"2024-06-21 06:44:20";"2024-06-21 06:44:20"
"45";"13";"What are the risks of obesity during pregnancy?";"2024-06-21 06:44:34";"2024-06-21 06:44:34"
"46";"13";"How does obesity affect pregnancy complications?";"2024-06-21 06:44:52";"2024-06-21 06:44:52"
"47";"13";"What can happen if I am obese during pregnancy?";"2024-06-21 06:45:06";"2024-06-21 06:45:06"
"48";"14";"Can Malaria lead to a miscarriage?";"2024-06-21 06:50:07";"2024-06-21 06:50:07"
"50";"14";"What are the risks of malaria during pregnancy?";"2024-06-21 06:50:21";"2024-06-21 06:50:21"
"51";"14";"How does malaria affect pregnancy?";"2024-06-21 06:50:39";"2024-06-21 06:50:39"
"52";"14";"Can malaria cause complications in pregnancy?";"2024-06-21 06:50:53";"2024-06-21 06:50:53"
"53";"15";"Why do I have back pain?";"2024-06-21 06:53:15";"2024-06-21 06:53:15"
"54";"15";"What could be causing my backache during pregnancy?";"2024-06-21 06:53:27";"2024-06-21 06:53:27"
"55";"15";"How does pregnancy contribute to back pain?";"2024-06-21 06:53:39";"2024-06-21 06:53:39"
"56";"15";"What are the reasons for experiencing back pain while pregnant?";"2024-06-21 06:53:51";"2024-06-21 06:53:51"
"57";"16";"Why do I have sharp pains in the stomach?";"2024-06-21 06:55:50";"2024-06-21 06:55:50"
"58";"16";"What could be causing sharp stomach pains during pregnancy?";"2024-06-21 06:56:02";"2024-06-21 06:56:02"
"59";"16";"How does pregnancy contribute to sharp stomach pains?";"2024-06-21 06:56:14";"2024-06-21 06:56:14"
"60";"16";"What are the reasons for experiencing sharp pains in the abdomen while pregnant?";"2024-06-21 06:56:27";"2024-06-21 06:56:27"
"61";"17";"What does bleeding while pregnant mean?";"2024-06-21 07:03:04";"2024-06-21 07:03:04"
"62";"17";"Why am I experiencing bleeding during pregnancy?";"2024-06-21 07:03:15";"2024-06-21 07:03:15"
"63";"17";"What are the causes of bleeding in pregnancy?";"2024-06-21 07:03:28";"2024-06-21 07:03:28"
"64";"17";"Is bleeding in pregnancy normal?";"2024-06-21 07:03:41";"2024-06-21 07:03:41"
"65";"18";"Are hot sweats normal during pregnancy?";"2024-06-21 07:07:32";"2024-06-21 07:07:32"
"66";"18";"Why am I experiencing hot sweats while pregnant?";"2024-06-21 07:07:45";"2024-06-21 07:07:45"
"67";"18";"Is it common to have hot flashes during pregnancy?";"2024-06-21 07:07:57";"2024-06-21 07:07:57"
"68";"18";"What causes hot sweats during pregnancy?";"2024-06-21 07:08:11";"2024-06-21 07:08:11"
"69";"19";"How do I know that I am in labor?";"2024-06-21 07:10:05";"2024-06-21 07:10:05"
"70";"19";"What are the signs that labor is starting?";"2024-06-21 07:10:19";"2024-06-21 07:10:19"
"71";"19";"How can I tell if I'm entering labor?";"2024-06-21 07:10:30";"2024-06-21 07:10:30"
"72";"19";"What are the indicators of labor beginning?";"2024-06-21 07:10:44";"2024-06-21 07:10:44"
"73";"20";"How do I know that it is an ectopic pregnancy?";"2024-06-21 07:14:39";"2024-06-21 07:14:39"
"74";"20";"What are the symptoms of an ectopic pregnancy?";"2024-06-21 07:14:51";"2024-06-21 07:14:51"
"75";"20";"How can I recognize an ectopic pregnancy?";"2024-06-21 07:15:02";"2024-06-21 07:15:02"
"76";"20";"What are the signs of ectopic pregnancy?";"2024-06-21 07:15:22";"2024-06-21 07:15:22"
"77";"21";"What is oligohydramnios?";"2024-06-21 07:18:13";"2024-06-21 07:18:13"
"78";"21";"Why is my amniotic fluid low during pregnancy?";"2024-06-21 07:18:23";"2024-06-21 07:18:23"
"79";"21";"How does oligohydramnios affect pregnancy?";"2024-06-21 07:18:35";"2024-06-21 07:18:35"
"80";"21";"What are the symptoms of oligohydramnios?";"2024-06-21 07:18:47";"2024-06-21 07:18:47"
"81";"22";"What is a miscarriage?";"2024-06-21 07:20:51";"2024-06-21 07:20:51"
"82";"22";"What causes fetal loss during pregnancy?";"2024-06-21 07:21:08";"2024-06-21 07:21:08"
"83";"22";"How is miscarriage diagnosed?";"2024-06-21 07:21:19";"2024-06-21 07:21:19"
"84";"22";"How can miscarriage be managed?";"2024-06-21 07:21:30";"2024-06-21 07:21:30"
"85";"23";"What are placental complications?";"2024-06-21 07:23:52";"2024-06-21 07:23:52"
"86";"23";"What is placental abruption?";"2024-06-21 07:24:03";"2024-06-21 07:24:03"
"87";"23";"What is placenta previa?";"2024-06-21 07:24:15";"2024-06-21 07:24:15"
"88";"23";"How are placental complications diagnosed?";"2024-06-21 07:24:27";"2024-06-21 07:24:27"
"89";"24";"What does bleeding in late pregnancy indicate?";"2024-06-21 07:26:20";"2024-06-21 07:26:20"
"90";"24";"Why am I experiencing bleeding in late pregnancy?";"2024-06-21 07:26:34";"2024-06-21 07:26:34"
"91";"24";"Is bleeding normal in late pregnancy?";"2024-06-21 07:26:47";"2024-06-21 07:26:47"
"92";"24";"How serious is bleeding during late pregnancy?";"2024-06-21 07:26:59";"2024-06-21 07:26:59"
"93";"25";"Do I need supplements during pregnancy?";"2024-06-21 07:31:54";"2024-06-21 07:31:54"
"94";"25";"Why are supplements important during pregnancy?";"2024-06-21 07:32:07";"2024-06-21 07:32:07"
"95";"25";"Should I take prenatal vitamins during pregnancy?";"2024-06-21 07:32:21";"2024-06-21 07:32:21"
"96";"25";"What supplements should I take during pregnancy?";"2024-06-21 07:32:32";"2024-06-21 07:32:32"
"98";"26";"What should I avoid during pregnancy?";"2024-06-21 07:37:03";"2024-06-21 07:37:03"
"99";"26";"Is there anything I shouldn't use during pregnancy?";"2024-06-21 07:37:23";"2024-06-21 07:37:23"
"100";"26";"Should I avoid alcohol, drugs, and cigarettes during pregnancy?";"2024-06-21 07:37:37";"2024-06-21 07:37:37"
"101";"26";"What substances are harmful during pregnancy?";"2024-06-21 07:37:52";"2024-06-21 07:37:52"
"102";"27";"How can I deal with morning sickness?";"2024-06-21 07:41:20";"2024-06-21 07:41:20"
"103";"27";"What should I do for morning sickness?";"2024-06-21 07:41:34";"2024-06-21 07:41:34"
"104";"27";"Tips for managing nausea during pregnancy?";"2024-06-21 07:41:49";"2024-06-21 07:41:49"
"105";"27";"How to alleviate morning sickness symptoms?";"2024-06-21 07:42:08";"2024-06-21 07:42:08"
"106";"28";"Is walking beneficial during pregnancy?";"2024-06-21 07:53:16";"2024-06-21 07:53:16"
"107";"28";"Should I exercise more during pregnancy?";"2024-06-21 07:53:35";"2024-06-21 07:53:35"
"108";"28";"How important is walking during pregnancy?";"2024-06-21 07:53:46";"2024-06-21 07:53:46"
"109";"28";"What exercises are recommended during pregnancy?";"2024-06-21 07:53:59";"2024-06-21 07:53:59"
"110";"29";"How can I manage stress during pregnancy?";"2024-06-21 07:56:16";"2024-06-21 07:56:16"
"111";"29";"What are some ways to cope with stress while pregnant?";"2024-06-21 07:56:28";"2024-06-21 07:56:28"
"112";"29";"Tips for reducing stress during pregnancy?";"2024-06-21 07:56:39";"2024-06-21 07:56:39"
"113";"29";"How to deal with stress during pregnancy?";"2024-06-21 07:56:50";"2024-06-21 07:56:50"
"114";"30";"What fashion choices should I make during pregnancy?";"2024-06-21 07:59:01";"2024-06-21 07:59:01"
"115";"30";"How should I dress during pregnancy?";"2024-06-21 07:59:10";"2024-06-21 07:59:10"
"116";"30";"What are recommended clothing options for pregnancy?";"2024-06-21 07:59:20";"2024-06-21 07:59:20"
"117";"30";"What shoes are best during pregnancy?";"2024-06-21 07:59:30";"2024-06-21 07:59:30"
"118";"31";"Can I drink coffee or tea during pregnancy?";"2024-06-21 08:02:09";"2024-06-21 08:02:09"
"119";"31";"Is it safe to consume caffeine during pregnancy?";"2024-06-21 08:02:19";"2024-06-21 08:02:19"
"120";"31";"Should I avoid caffeine-heavy drinks during pregnancy?";"2024-06-21 08:02:31";"2024-06-21 08:02:31"
"121";"31";"What beverages should I limit during pregnancy?";"2024-06-21 08:02:42";"2024-06-21 08:02:42"
"122";"32";"Can I drink alcohol during pregnancy?";"2024-06-21 08:05:15";"2024-06-21 08:05:15"
"123";"32";"Is it safe to consume alcohol while pregnant?";"2024-06-21 08:05:25";"2024-06-21 08:05:25"
"124";"32";"Should I avoid alcohol during pregnancy?";"2024-06-21 08:05:35";"2024-06-21 08:05:35"
"125";"32";"What are the risks of drinking alcohol during pregnancy?";"2024-06-21 08:05:46";"2024-06-21 08:05:46"
"126";"33";"Which medications should I avoid during pregnancy?";"2024-06-21 08:07:38";"2024-06-21 08:07:38"
"127";"33";"Is it safe to use over-the-counter medications during pregnancy?";"2024-06-21 08:07:49";"2024-06-21 08:07:49"
"128";"33";"What medicines are not recommended during pregnancy?";"2024-06-21 08:07:59";"2024-06-21 08:07:59"
"129";"33";"Should I take any precautions with medications during pregnancy?";"2024-06-21 08:08:11";"2024-06-21 08:08:11"
"130";"34";"What foods should I eat during pregnancy?";"2024-06-21 08:09:53";"2024-06-21 08:09:53"
"131";"34";"Which foods are recommended during pregnancy?";"2024-06-21 08:10:07";"2024-06-21 08:10:07"
"132";"34";"How should I plan my diet during pregnancy?";"2024-06-21 08:10:15";"2024-06-21 08:10:15"
"133";"34";"What should I avoid eating during pregnancy?";"2024-06-21 08:10:23";"2024-06-21 08:10:23"
"134";"35";"What herbs should I avoid during pregnancy?";"2024-06-21 08:12:10";"2024-06-21 08:12:10"
"135";"35";"Is it safe to use herbs during pregnancy?";"2024-06-21 08:12:17";"2024-06-21 08:12:17"
"136";"35";"Which herbs are not recommended during pregnancy?";"2024-06-21 08:12:24";"2024-06-21 08:12:24"
"137";"35";"Should I take precautions with herbal supplements during pregnancy?";"2024-06-21 08:12:31";"2024-06-21 08:12:31"
"138";"36";"What is prenatal care?";"2024-06-21 08:14:53";"2024-06-21 08:14:53"
"139";"36";"Can you explain prenatal care?";"2024-06-21 08:15:01";"2024-06-21 08:15:01"
"140";"36";"What does prenatal care involve?";"2024-06-21 08:15:13";"2024-06-21 08:15:13"
"141";"36";"Define prenatal care.";"2024-06-21 08:15:24";"2024-06-21 08:15:24"
"142";"37";"What is antenatal care?";"2024-06-21 08:17:28";"2024-06-21 08:17:28"
"143";"37";"Can you explain antenatal care?";"2024-06-21 08:17:37";"2024-06-21 08:17:37"
"144";"37";"What does antenatal care involve?";"2024-06-21 08:17:46";"2024-06-21 08:17:46"
"145";"37";"Define antenatal care.";"2024-06-21 08:17:55";"2024-06-21 08:17:55"
"146";"38";"When should I start prenatal care?";"2024-06-21 08:19:43";"2024-06-21 08:19:43"
"147";"38";"At what point should I begin antenatal care?";"2024-06-21 08:20:02";"2024-06-21 08:20:02"
"148";"38";"When is the best time to go for prenatal appointments?";"2024-06-21 08:20:24";"2024-06-21 08:20:24"
"149";"38";"Should I start antenatal care as soon as I find out I'm pregnant?";"2024-06-21 08:20:47";"2024-06-21 08:20:47"
"150";"39";"What occurs during prenatal care appointments?";"2024-06-21 08:23:42";"2024-06-21 08:23:42"
"151";"39";"Can you explain what happens during prenatal checks?";"2024-06-21 08:23:52";"2024-06-21 08:23:52"
"152";"39";"What should I expect during my prenatal appointments?";"2024-06-21 08:24:04";"2024-06-21 08:24:04"
"153";"39";"Describe the activities during prenatal care visits.";"2024-06-21 08:24:15";"2024-06-21 08:24:15"
"154";"40";"Is it safe to have sex during pregnancy?";"2024-06-21 08:27:29";"2024-06-21 08:27:29"
"155";"40";"Can I engage in sexual activity while pregnant?";"2024-06-21 08:27:40";"2024-06-21 08:27:40"
"156";"40";"Is sex recommended during pregnancy?";"2024-06-21 08:27:49";"2024-06-21 08:27:49"
"157";"40";"Should I avoid sex during pregnancy?";"2024-06-21 08:27:58";"2024-06-21 08:27:58"
"158";"41";"How should I manage headaches around my forehead during pregnancy?";"2024-06-21 08:31:35";"2024-06-21 08:31:35"
"159";"41";"What can I do for headaches in the forehead area while pregnant?";"2024-06-21 08:31:50";"2024-06-21 08:31:50"
"160";"41";"Remedies for headaches around the forehead during pregnancy?";"2024-06-21 08:31:59";"2024-06-21 08:31:59"
"161";"41";"How do I alleviate headaches in the forehead during pregnancy?";"2024-06-21 08:32:08";"2024-06-21 08:32:08"
"162";"42";"Is it normal if my contractions come early during pregnancy?";"2024-06-21 08:33:56";"2024-06-21 08:34:11"
"163";"42";"What should I do if I experience early contractions?";"2024-06-21 08:34:20";"2024-06-21 08:34:20"
"164";"42";"Reasons for early contractions during pregnancy?";"2024-06-21 08:34:30";"2024-06-21 08:34:30"
"165";"42";"How to handle early contractions in pregnancy?";"2024-06-21 08:34:39";"2024-06-21 08:34:39"
"166";"43";"What should I do if I've had multiple miscarriages after my first child?";"2024-06-21 08:36:39";"2024-06-21 08:36:39"
"167";"43";"How to manage recurrent miscarriages after having a first child?";"2024-06-21 08:36:48";"2024-06-21 08:36:48"
"168";"43";"Reasons for recurrent miscarriages and what to do next?";"2024-06-21 08:36:59";"2024-06-21 08:36:59"
"169";"43";"Advice for handling multiple miscarriages after the first successful pregnancy?";"2024-06-21 08:37:12";"2024-06-21 08:37:12"
"170";"44";"How many TT injections should I receive during pregnancy?";"2024-06-21 08:39:24";"2024-06-21 08:39:24"
"171";"44";"What is the schedule for TT injections during pregnancy?";"2024-06-21 08:39:32";"2024-06-21 08:39:32"
"172";"44";"When should I get TT injections during my pregnancy?";"2024-06-21 08:39:42";"2024-06-21 08:39:42"
"173";"44";"How often should I receive TT injections during pregnancy?";"2024-06-21 08:39:49";"2024-06-21 08:39:49"
"174";"45";"Do I need to get TT injections for every pregnancy?";"2024-06-21 08:41:28";"2024-06-21 08:41:28"
"175";"45";"Should I receive TT injections in subsequent pregnancies?";"2024-06-21 08:41:40";"2024-06-21 08:41:40"
"176";"45";"Do I need TT shots for each pregnancy?";"2024-06-21 08:41:46";"2024-06-21 08:41:46"
"177";"45";"Are TT injections necessary for every pregnancy?";"2024-06-21 08:41:54";"2024-06-21 08:41:54"
"178";"46";"Is it normal to have milk-like liquid coming out of my breasts?";"2024-06-21 08:43:33";"2024-06-21 08:43:33"
"179";"46";"Should I be concerned about milk-like discharge from my breasts?";"2024-06-21 08:43:40";"2024-06-21 08:43:40"
"180";"46";"What does it mean if I have a milk-like substance coming from my breasts?";"2024-06-21 08:43:48";"2024-06-21 08:43:48"
"181";"46";"Is it healthy to have fluid leaking from my nipples during pregnancy?";"2024-06-21 08:43:56";"2024-06-21 08:43:56"
"182";"47";"When should I begin antenatal care?";"2024-06-21 08:45:49";"2024-06-21 08:45:49"
"183";"47";"At what point should I start my antenatal visits?";"2024-06-21 08:45:57";"2024-06-21 08:45:57"
"184";"47";"Is there a specific time I should start antenatal care?";"2024-06-21 08:46:04";"2024-06-21 08:46:04"
"185";"47";"When do I need to begin attending antenatal appointments?";"2024-06-21 08:46:13";"2024-06-21 08:46:13"
"186";"48";"When can I start using birth control after giving birth?";"2024-06-21 08:48:16";"2024-06-21 08:48:16"
"187";"48";"How soon after delivery can I use birth control methods?";"2024-06-21 08:48:24";"2024-06-21 08:48:24"
"188";"48";"After childbirth, when is it safe to begin using birth control?";"2024-06-21 08:48:32";"2024-06-21 08:48:32"
"189";"48";"Can I start birth control two weeks after delivering a baby?";"2024-06-21 08:48:41";"2024-06-21 08:48:41"
"190";"49";"How long should I wait to get pregnant after a C-section?";"2024-06-21 08:50:09";"2024-06-21 08:50:09"
"191";"49";"When can I try to conceive again after a C-section?";"2024-06-21 08:50:17";"2024-06-21 08:50:17"
"192";"49";"What is the recommended waiting period to get pregnant after a C-section?";"2024-06-21 08:50:25";"2024-06-21 08:50:25"
"193";"49";"After a C-section birth, how long should I wait before trying for another pregnancy?";"2024-06-21 08:50:33";"2024-06-21 08:50:33"
"194";"50";"What should I do if I forget my child's immunization appointment?";"2024-06-21 08:52:11";"2024-06-21 08:52:11"
"195";"50";"I missed my child's immunization schedule, what do I do now?";"2024-06-21 08:52:21";"2024-06-21 08:52:21"
"196";"50";"What happens if I forget to take my child for immunization?";"2024-06-21 08:52:30";"2024-06-21 08:52:30"
"197";"50";"My child missed their immunization appointment, what should I do next?";"2024-06-21 08:52:41";"2024-06-21 08:52:41"
"198";"51";"I forgot to take my contraceptive pill, what should I do?";"2024-06-21 08:54:21";"2024-06-21 08:54:21"
"199";"51";"What happens if I miss my birth control pill?";"2024-06-21 08:54:30";"2024-06-21 08:54:30"
"200";"51";"What do I do if I forget to take my contraceptive pill?";"2024-06-21 08:54:39";"2024-06-21 08:54:39"
"201";"51";"Missed taking my birth control pill, what's the next step?";"2024-06-21 08:54:46";"2024-06-21 08:54:46"
"202";"52";"What should I do if I have excessive bleeding after getting an implant?";"2024-06-21 08:56:13";"2024-06-21 08:56:13"
"203";"52";"How can I manage bleeding after getting a contraceptive implant?";"2024-06-21 08:56:20";"2024-06-21 08:56:20"
"204";"52";"I'm experiencing heavy bleeding after getting an implant, what should I do?";"2024-06-21 08:56:40";"2024-06-21 08:56:40"
"205";"52";"How to handle excessive bleeding after an implant?";"2024-06-21 08:56:54";"2024-06-21 08:56:54"
"206";"53";"When can I have sex after vaginal stitches post-delivery?";"2024-06-21 08:58:46";"2024-06-21 08:58:46"
"207";"53";"How long should I wait after vaginal stitches before having intercourse?";"2024-06-21 08:58:56";"2024-06-21 08:58:56"
"208";"53";"Is it safe to have sex after receiving vaginal stitches?";"2024-06-21 08:59:05";"2024-06-21 08:59:05"
"209";"54";"How to tighten vagina after childbirth?";"2024-06-21 09:01:19";"2024-06-21 09:01:19"
"210";"54";"Ways to recover vaginal tightness after having a baby?";"2024-06-21 09:01:29";"2024-06-21 09:01:29"
"211";"54";"What can I do to regain vaginal tightness post-childbirth?";"2024-06-21 09:01:39";"2024-06-21 09:01:39"
"212";"55";"When can I start moving after a C-section?";"2024-06-21 09:03:24";"2024-06-21 09:03:24"
"213";"55";"After a C-section, how soon can I begin to move around?";"2024-06-21 09:03:33";"2024-06-21 09:03:33"
"214";"55";"How long after a C-section can I start walking?";"2024-06-21 09:03:41";"2024-06-21 09:03:41"
"215";"56";"Is it okay to clean my C-section wound with salt water?";"2024-06-21 09:05:21";"2024-06-21 09:05:21"
"216";"56";"Can I use salt water to wash my C-section incision?";"2024-06-21 09:05:29";"2024-06-21 09:05:29"
"217";"56";"Should I wash my C-section scar with salt water?";"2024-06-21 09:05:38";"2024-06-21 09:05:38"
"218";"57";"My baby cries a lot at night. What should I do?";"2024-06-21 09:08:57";"2024-06-21 09:08:57"
"219";"57";"What do I do if my baby cries excessively during the night?";"2024-06-21 09:09:06";"2024-06-21 09:09:06"
"220";"57";"How can I soothe my baby who cries at night?";"2024-06-21 09:09:15";"2024-06-21 09:09:15"
"221";"57";"My baby keeps crying at night. Any advice?";"2024-06-21 09:09:24";"2024-06-21 09:09:24"
"222";"58";"Can I have a vaginal delivery after a C-section?";"2024-06-21 09:11:18";"2024-06-21 09:11:18"
"223";"58";"Is it safe to try for a vaginal birth after a C-section?";"2024-06-21 09:11:26";"2024-06-21 09:11:26"
"224";"58";"What factors determine if I can have a vaginal birth after a C-section?";"2024-06-21 09:11:36";"2024-06-21 09:11:36"
"225";"58";"Can I opt for a natural birth after having a C-section?";"2024-06-21 09:11:45";"2024-06-21 09:11:45"
"226";"59";"Why is walking beneficial during labor?";"2024-06-21 09:13:14";"2024-06-21 09:13:14"
"227";"59";"Is walking recommended during labor?";"2024-06-21 09:13:26";"2024-06-21 09:13:26"
"228";"59";"How does walking help during labor?";"2024-06-21 09:13:35";"2024-06-21 09:13:35"
"229";"59";"What role does walking play in labor?";"2024-06-21 09:13:44";"2024-06-21 09:13:44"
"230";"60";"What is the purpose of drinking tea during labor?";"2024-06-21 09:15:17";"2024-06-21 09:15:17"
"231";"60";"Is it necessary to drink tea while in labor?";"2024-06-21 09:15:27";"2024-06-21 09:15:27"
"232";"60";"How does drinking tea help during labor?";"2024-06-21 09:15:37";"2024-06-21 09:15:37"
"233";"60";"Why is tea recommended during labor?";"2024-06-21 09:15:46";"2024-06-21 09:15:46"
"234";"61";"How often should I attend antenatal visits during pregnancy?";"2024-06-21 09:17:34";"2024-06-21 09:17:34"
"235";"61";"What is the recommended frequency of antenatal visits?";"2024-06-21 09:17:42";"2024-06-21 09:17:42"
"236";"61";"How many antenatal appointments should I aim for during pregnancy?";"2024-06-21 09:17:51";"2024-06-21 09:17:51"
"237";"61";"Why are monthly antenatal visits important?";"2024-06-21 09:18:00";"2024-06-21 09:18:00"
"238";"62";"Do IUDs increase the risk of UTIs?";"2024-06-21 09:19:49";"2024-06-21 09:19:49"
"239";"62";"Can using an IUD lead to UTIs?";"2024-06-21 09:19:58";"2024-06-21 09:19:58"
"240";"62";"Is it true that IUDs are linked to UTIs?";"2024-06-21 09:20:07";"2024-06-21 09:20:07"
"241";"62";"Why is hygiene important when using an IUD?";"2024-06-21 09:20:17";"2024-06-21 09:20:17"
"242";"63";"Does the implant move to the heart?";"2024-06-21 09:22:18";"2024-06-21 09:22:18"
"243";"63";"Can the implant migrate to the heart?";"2024-06-21 09:22:27";"2024-06-21 09:22:27"
"244";"63";"Is there a risk of the implant reaching the heart?";"2024-06-21 09:22:35";"2024-06-21 09:22:35"
"245";"63";"Why do people think the implant moves to the heart?";"2024-06-21 09:22:43";"2024-06-21 09:22:43"
"246";"64";"What are the chances of my baby getting HIV if I am HIV positive?";"2024-06-21 09:24:20";"2024-06-21 09:24:20"
"247";"64";"Can my baby get HIV if I am HIV positive?";"2024-06-21 09:24:30";"2024-06-21 09:24:30"
"248";"64";"Is it possible for my baby to contract HIV from me?";"2024-06-21 09:24:38";"2024-06-21 09:24:38"
"249";"64";"If I have HIV, can my baby be born with it?";"2024-06-21 09:24:45";"2024-06-21 09:24:45"
"250";"65";"When should I schedule my first ultrasound scan?";"2024-06-21 09:26:15";"2024-06-21 09:26:15"
"251";"65";"At what stage of pregnancy should I get my first ultrasound?";"2024-06-21 09:26:24";"2024-06-21 09:26:24"
"252";"65";"What is the best time to have the initial ultrasound?";"2024-06-21 09:26:33";"2024-06-21 09:26:33"
"253";"65";"When do doctors recommend having the first ultrasound?";"2024-06-21 09:26:47";"2024-06-21 09:26:47"
"254";"66";"Are ultrasound rays harmful to my baby during a scan?";"2024-06-21 09:28:21";"2024-06-21 09:28:21"
"255";"66";"Will the ultrasound scan affect my baby's health?";"2024-06-21 09:28:29";"2024-06-21 09:28:29"
"256";"66";"Should I be worried about the ultrasound rays affecting my unborn child?";"2024-06-21 09:28:37";"2024-06-21 09:28:37"
"257";"66";"Are there any risks to my baby from ultrasound during pregnancy?";"2024-06-21 09:28:46";"2024-06-21 09:28:46"
"258";"67";"Are X-ray rays harmful to my baby in the womb?";"2024-06-21 09:30:33";"2024-06-21 09:30:33"
"259";"67";"Can X-ray affect my baby's development if I'm pregnant?";"2024-06-21 09:30:44";"2024-06-21 09:30:44"
"260";"67";"Should I avoid X-rays during pregnancy?";"2024-06-21 09:30:53";"2024-06-21 09:30:53"
"261";"67";"What are the dangers of X-ray exposure to my unborn child?";"2024-06-21 09:31:02";"2024-06-21 09:31:02"
"262";"68";"Is it common to experience bleeding during pregnancy?";"2024-06-21 09:33:50";"2024-06-21 09:33:50"
"263";"68";"What does it mean if I notice bleeding while pregnant?";"2024-06-21 09:33:59";"2024-06-21 09:33:59"
"264";"68";"Should I be worried if I'm bleeding during pregnancy?";"2024-06-21 09:34:09";"2024-06-21 09:34:09"
"265";"68";"What should I do if I experience bleeding in pregnancy?";"2024-06-21 09:34:17";"2024-06-21 09:34:17"
"266";"69";"How often should I get ultrasound scans during pregnancy?";"2024-06-21 09:36:20";"2024-06-21 09:36:20"
"267";"69";"Is it necessary to have multiple ultrasound scans during pregnancy?";"2024-06-21 09:36:31";"2024-06-21 09:36:31"
"268";"69";"When are ultrasound scans usually performed during pregnancy?";"2024-06-21 09:36:40";"2024-06-21 09:36:40"
"269";"69";"Can I have more than three ultrasound scans during my pregnancy?";"2024-06-21 09:36:51";"2024-06-21 09:36:51"
"270";"70";"what is Acupressure";"2024-11-28 15:16:06";"2024-11-28 15:16:06"
"271";"71";"what is an airway";"2024-11-28 15:17:16";"2024-11-28 15:17:16"
"272";"72";"what is an allergic disorder";"2024-11-28 15:18:26";"2024-11-28 15:18:26"
"273";"74";"what are antibodies";"2024-11-28 15:20:09";"2024-11-28 15:20:09"
"274";"75";"what is an areola";"2024-11-28 15:21:07";"2024-11-28 15:21:07"
"275";"76";"what is a Birth defect";"2024-11-28 15:21:52";"2024-11-28 15:21:52"
"276";"77";"what is a  Contagious disease";"2024-11-28 15:22:52";"2024-11-28 15:22:52"
"277";"78";"what are  Chromosomal abnormalities";"2024-11-28 15:23:55";"2024-11-28 15:23:55"
"278";"79";"what is diaper rash";"2024-11-28 15:24:58";"2024-11-28 15:24:58"
"279";"80";"what is Ectopic or extra-uterine pregnancy";"2024-11-28 15:25:58";"2024-11-28 15:25:58"
"280";"81";"what is an Egg";"2024-11-28 15:27:30";"2024-11-28 15:27:30"
"281";"82";"what is an Embryo";"2024-11-28 15:28:32";"2024-11-28 15:28:32"
"282";"83";"what is Esophagus";"2024-11-28 15:29:40";"2024-11-28 15:29:40"
"283";"84";"what is express";"2024-11-28 15:30:49";"2024-11-28 15:30:49"
"284";"85";"what is  Fertilization";"2024-11-28 15:31:42";"2024-11-28 15:31:42"
"285";"86";"what is a fetus";"2024-11-28 15:32:50";"2024-11-28 15:32:50"
"286";"87";"what is  Genetic abnormalities";"2024-11-28 15:34:06";"2024-11-28 15:34:06"
"287";"88";"what is Hemorrhage";"2024-11-28 15:35:33";"2024-11-28 15:35:33"
"288";"89";"what is  Immune system";"2024-11-28 15:36:59";"2024-11-28 15:36:59"
"289";"90";"what is an Inverted nipple";"2024-11-28 15:38:23";"2024-11-28 15:38:23"
"290";"91";"what is  Labour";"2024-11-28 15:39:38";"2024-11-28 15:39:38"
"291";"92";"what is Mastitis";"2024-11-28 15:40:43";"2024-11-28 15:40:43"
"292";"93";"what is a Miscarriage";"2024-11-28 15:41:50";"2024-11-28 15:41:50"
"293";"94";"what are nutrients";"2024-11-28 15:42:59";"2024-11-28 15:42:59"
"294";"95";"what is Neural tube";"2024-11-28 15:43:52";"2024-11-28 15:43:52"
"295";"96";"what is  Overproduction of milk";"2024-11-28 15:44:46";"2024-11-28 15:44:46"
"296";"97";"what is  Oxytocin";"2024-11-28 15:45:51";"2024-11-28 15:45:51"
"297";"98";"what is  Perineum";"2024-11-28 15:46:53";"2024-11-28 15:46:53"
"298";"99";"what is a Pupil";"2024-11-28 15:47:53";"2024-11-28 15:47:53"
"299";"100";"what is  Rhesus factor (Rh factor)";"2024-11-28 15:48:49";"2024-11-28 15:48:49"
"300";"101";"what is a Sexually transmitted infection (STI)";"2024-11-28 15:50:00";"2024-11-28 15:50:00"
"301";"102";"what is a  Sperm";"2024-11-28 15:51:12";"2024-11-28 15:51:12"
"302";"103";"what is  Spina bifida";"2024-11-28 15:51:58";"2024-11-28 15:51:58"
"303";"104";"what is Sterile";"2024-11-28 15:52:48";"2024-11-28 15:52:48"
"304";"105";"what is Sodium";"2024-11-28 15:53:37";"2024-11-28 15:53:37"
"305";"106";"what is Sudden infant death syndrome";"2024-11-28 15:54:31";"2024-11-28 15:54:31"
"307";"107";"what is  Thrombophlebitis";"2024-11-28 15:55:47";"2024-11-28 15:55:47"
"308";"108";"what is Trisomy";"2024-11-28 15:56:43";"2024-11-28 15:56:43"
"309";"109";"what is  Ultrasound";"2024-11-28 15:57:35";"2024-11-28 15:57:35"
"310";"110";"what is  Uterine rupture";"2024-11-28 15:58:52";"2024-11-28 15:58:52"
"311";"111";"what is a Urinary catheter";"2024-11-28 15:59:53";"2024-11-28 15:59:53"
"312";"112";"what is  Vernix caseosa";"2024-11-28 16:01:04";"2024-11-28 16:01:04"
"313";"113";"what is  Weaning";"2024-11-28 16:02:09";"2024-11-28 16:02:09"
"314";"114";"What changes does pregnancy bring, and how does it affect parents?";"2024-11-28 16:09:33";"2024-11-28 16:09:33"
"315";"115";"What is menstruation, and when does it occur in a woman’s life?";"2024-11-28 16:11:52";"2024-11-28 16:11:52"
"316";"116";"How can you determine the length of your menstrual cycle?";"2024-11-28 16:13:24";"2024-11-28 16:13:24"
"317";"117";"What happens during a menstrual cycle?";"2024-11-28 16:14:58";"2024-11-28 16:14:58"
"318";"118";"What is ovulation, and what happens during this process?";"2024-11-28 16:17:15";"2024-11-28 16:17:15"
"319";"119";"How can you estimate when ovulation will occur?";"2024-11-28 16:18:44";"2024-11-28 16:18:44"
"320";"120";"What is the ovulation or fertile period, and how does it affect fertilization chances?";"2024-11-28 16:21:30";"2024-11-28 16:21:30"
"321";"122";"When do men produce sperm, and how long does it last?";"2024-11-28 16:27:14";"2024-11-28 16:27:14"
"322";"123";"Where are sperm produced, and how long does it take for them to be ready for fertilization?";"2024-11-28 16:30:49";"2024-11-28 16:30:49"
"323";"124";"What happens when a man ejaculates?";"2024-11-28 16:32:17";"2024-11-28 16:32:17"
"324";"125";"How many sperm are in semen, and how long can they live?";"2024-11-28 16:33:55";"2024-11-28 16:33:55"
"325";"126";"What is the function of the pelvis bone during pregnancy?";"2024-11-28 16:35:40";"2024-11-28 16:35:40"
"326";"128";"What do the ovaries do?";"2024-11-28 16:37:06";"2024-11-28 16:37:06"
"328";"129";"What is the function of the uterus during pregnancy?";"2024-11-28 16:39:50";"2024-11-28 16:39:50"
"329";"130";"What is the function of the Fallopian tubes?";"2024-11-28 16:43:03";"2024-11-28 16:43:03"
"330";"131";"What does the cervix do during menstruation and labor?";"2024-11-28 16:44:51";"2024-11-28 16:44:51"
"331";"132";"What is the function of the vagina?";"2024-11-28 16:46:42";"2024-11-28 16:46:42"
"332";"133";"What does the bladder do?";"2024-11-28 16:48:09";"2024-11-28 16:48:09"
"334";"134";"What is the function of the perineum?";"2024-11-28 16:49:41";"2024-11-28 16:49:41"
"335";"135";"What is the function of the anus?";"2024-11-28 16:51:11";"2024-11-28 16:51:11"
"336";"136";"What is the function of the urethra?";"2024-11-28 16:52:54";"2024-11-28 16:52:54"
"337";"137";"What is the function of the clitoris?";"2024-11-28 16:54:26";"2024-11-28 16:54:26"
"338";"138";"What is the vulva?";"2024-11-28 16:57:51";"2024-11-28 16:57:51"
"339";"139";"What does the bladder do in males?";"2024-11-28 16:59:34";"2024-11-28 16:59:34"
"340";"140";"What is the function of the vas deferens?";"2024-11-28 17:01:44";"2024-11-28 17:01:44"
"341";"141";"What is the function of the urethra in males?";"2024-11-28 17:03:21";"2024-11-28 17:03:21"
"342";"142";"What is the function of the penis?";"2024-11-28 17:04:39";"2024-11-28 17:04:39"
"343";"143";"What is the function of the prostate?";"2024-11-28 17:08:24";"2024-11-28 17:08:24"
"344";"144";"What is the function of the scrotum?";"2024-11-28 19:31:54";"2024-11-28 19:31:54"
"345";"145";"What is the function of the testicles?";"2024-11-28 19:32:58";"2024-11-28 19:32:58"
"346";"146";"What is the function of the seminal vesicles?";"2024-11-28 19:34:43";"2024-11-28 19:34:43"
"347";"147";"What is the function of the anus?";"2024-11-28 19:35:27";"2024-11-28 19:35:27"
"348";"148";"How does fertilization occur?";"2024-11-28 19:37:57";"2024-11-28 19:37:57"
"349";"149";"What happens after fertilization?";"2024-11-28 19:40:09";"2024-11-28 19:40:09"
"350";"150";"When should a woman take a pregnancy test?";"2024-11-28 19:40:54";"2024-11-28 19:40:54"
"351";"151";"What happens during a miscarriage?";"2024-11-28 19:41:34";"2024-11-28 19:41:34"
"352";"152";"How is the length of a pregnancy determined?";"2024-11-28 19:42:39";"2024-11-28 19:42:39"
"353";"153";"Why do health professionals refer to pregnancy in weeks?";"2024-11-28 19:43:38";"2024-11-28 19:43:38"
"354";"154";"When is a baby considered full-term?";"2024-11-28 19:44:16";"2024-11-28 19:44:16"
"355";"155";"How is pregnancy divided?";"2024-11-28 19:44:50";"2024-11-28 19:44:50"
"356";"156";"How is the due date calculated?";"2024-11-28 19:45:54";"2024-11-28 19:45:54"
"357";"157";"How accurate is an ultrasound in determining the due date?";"2024-11-28 19:46:35";"2024-11-28 19:46:35"
"358";"158";"What are the stages of fetal development?";"2024-11-28 19:47:53";"2024-11-28 19:47:53"
"359";"159";"What happens during the first trimester?";"2024-11-28 19:50:03";"2024-11-28 19:50:03"
"360";"160";"What happens between 10 and 14 weeks of pregnancy?";"2024-11-28 19:52:51";"2024-11-28 19:52:51"
"361";"161";"What happens between 15 and 28 weeks of pregnancy?";"2024-11-28 19:54:04";"2024-11-28 19:54:04"
"362";"162";"What happens during the third trimester of pregnancy?";"2024-11-28 19:54:47";"2024-11-28 19:54:47"
"363";"163";"What is the function of amniotic fluid?";"2024-11-28 19:57:52";"2024-11-28 19:57:52"
"364";"164";"What happens to the amniotic sac during labor?";"2024-11-28 19:58:32";"2024-11-28 19:58:32"
"365";"165";"What is the role of the placenta and umbilical cord during pregnancy?";"2024-11-28 20:00:07";"2024-11-28 20:00:07"
"366";"166";"What are the physical changes that occur during pregnancy?";"2024-11-28 20:01:26";"2024-11-28 20:01:26"
"367";"167";"How do pregnancy-related changes affect the heart, blood vessels, and lungs?";"2024-11-28 20:02:02";"2024-11-28 20:02:02"
"368";"168";"What hair changes might occur during pregnancy?";"2024-11-28 20:02:40";"2024-11-28 20:02:40"
"369";"169";"How does pregnancy affect the skin?";"2024-11-28 20:03:11";"2024-11-28 20:03:11"
"370";"170";"What causes hyperpigmentation during pregnancy, and how does it affect the skin?";"2024-11-28 20:03:51";"2024-11-28 20:03:51"
"371";"171";"Where do stretch marks appear during pregnancy, and how can they be managed?";"2024-11-28 20:04:38";"2024-11-28 20:04:38"
"372";"172";"What other skin changes can occur during pregnancy?";"2024-11-28 20:05:16";"2024-11-28 20:05:16"
"373";"173";"How does pregnancy affect bladder and kidney function?";"2024-11-28 20:07:35";"2024-11-28 20:07:35"
"374";"174";"What digestive changes occur during pregnancy?";"2024-11-28 20:09:04";"2024-11-28 20:09:04"
"375";"175";"What changes occur in the breasts during pregnancy?";"2024-11-28 20:09:45";"2024-11-28 20:09:45"
"376";"176";"How does pregnancy affect the uterus and posture?";"2024-11-28 20:10:39";"2024-11-28 20:10:39"
"377";"177";"What changes occur in vaginal discharge during pregnancy?";"2024-11-28 20:12:07";"2024-11-28 20:12:07"
"378";"178";"How do ligaments and joints change during pregnancy?";"2024-11-28 20:12:46";"2024-11-28 20:12:46"
"379";"179";"Why do women accumulate fat reserves during pregnancy?";"2024-11-28 20:13:30";"2024-11-28 20:13:30"
"380";"180";"Why do women gain weight during pregnancy?";"2024-11-28 20:14:14";"2024-11-28 20:14:14"
"381";"181";"Why is weight gain during pregnancy important?";"2024-11-28 20:15:15";"2024-11-28 20:15:15"
"382";"182";"How much weight should you gain during pregnancy?";"2024-11-28 20:16:33";"2024-11-28 20:16:33"
"383";"183";"Some women embrace the changes, viewing them as signs of the baby's development, while others may struggle with accepting their new body image, especially given the discomfort and symptoms of pregnancy.";"2024-11-28 20:19:09";"2024-11-28 20:19:09"
"384";"184";"The emotional impact of pregnancy can vary, as women adjust to new realities, including the expectations of motherhood and the arrival of the baby.";"2024-11-28 20:20:29";"2024-11-28 20:20:29"
"385";"185";"Emotional fluctuations during pregnancy are common, and it is important to allow yourself to feel these emotions without suppressing them.";"2024-11-28 20:21:02";"2024-11-28 20:21:02"
"386";"186";"Talking about your emotions helps you realize you are not alone and can offer support through shared experiences.";"2024-11-28 20:21:47";"2024-11-28 20:21:47"
"387";"187";"Seeking support, setting boundaries, and managing emotions are key to coping with pregnancy changes.";"2024-11-28 20:27:35";"2024-11-28 20:27:35"
"388";"188";"Building a relationship with the baby, seeking support, and preparing for fatherhood.";"2024-11-28 20:28:57";"2024-11-28 20:28:57"
"389";"189";"Navigating changes in relationship dynamics, expressing emotions, and strengthening the partnership.";"2024-11-28 20:29:42";"2024-11-28 20:29:42"
"390";"190";"Balancing attention among children, addressing emotional concerns, involving siblings in pregnancy preparations.";"2024-11-28 20:31:00";"2024-11-28 20:31:00"
"391";"191";"Fluctuations in sexual desire, physical and emotional changes affecting intimacy, exploring new forms of closeness.";"2024-11-28 20:32:21";"2024-11-28 20:32:21"
"392";"192";"Medical restrictions, prenatal care provider guidance, precautions to ensure safety during pregnancy.";"2024-11-28 20:33:14";"2024-11-28 20:33:14"
"393";"193";"Safe sex practices, condom use to prevent STIs, preventing complications during pregnancy.";"2024-11-28 20:33:50";"2024-11-28 20:33:50"
"394";"194";"Usage of non-medicated products, checking with healthcare providers for medicated creams.";"2024-11-28 20:34:57";"2024-11-28 20:34:57"
"395";"195";"Hair treatments are generally safe, but workplace exposure should be discussed with a healthcare provider.";"2024-11-28 20:36:05";"2024-11-28 20:36:05"
"396";"196";"Use sunscreen with SPF 30 or higher to prevent hyperpigmentation and pregnancy mask.";"2024-11-28 20:37:26";"2024-11-28 20:37:26"
"397";"197";"Use DEET, icaridin, or soybean oil-based repellents, ensuring proper concentrations.";"2024-11-28 20:38:20";"2024-11-28 20:38:20"
"398";"198";"Apply product to exposed skin, wash off excess.";"2024-11-28 20:39:07";"2024-11-28 20:39:07"
"399";"199";"Apply to clothes, wear protective clothing.";"2024-11-28 20:39:42";"2024-11-28 20:39:42"
"400";"200";"Short-term effect, frequent reapplication, exposure.";"2024-11-28 20:40:13";"2024-11-28 20:40:13"
"401";"201";"Lack of scientific studies, precautionary advice.";"2024-11-28 20:40:46";"2024-11-28 20:40:46"
"402";"202";"Ultraviolet rays, body temperature, potential harm to the baby.";"2024-11-28 20:41:35";"2024-11-28 20:41:35"
"403";"203";"Physical and mental well-being, energy, back pain, gestational diabetes, recovery after birth.";"2024-11-28 20:42:45";"2024-11-28 20:42:45"
"404";"204";"Small quantities of physical activity, gradual increase, 150 minutes per week, moderate intensity.";"2024-11-28 20:43:29";"2024-11-28 20:43:29"
"405";"205";"Adaptation based on fitness level, stage of pregnancy, and personal comfort.";"2024-11-28 20:44:41";"2024-11-28 20:44:41"
"406";"206";"Avoiding risky activities and respecting personal limits.";"2024-11-28 20:45:32";"2024-11-28 20:45:32"
"407";"207";"Adjusting activity level or seeking advice when discomfort occurs.";"2024-11-28 20:46:39";"2024-11-28 20:46:39"
"408";"208";"No safe level of cigarette use; advised to quit smoking during pregnancy.";"2024-11-28 20:47:38";"2024-11-28 20:47:38"
"409";"209";"Smoking increases risk for complications such as preterm birth, stillbirth, and sudden infant death syndrome (SIDS).";"2024-11-28 20:48:21";"2024-11-28 20:48:21"
"410";"210";"Reducing or quitting smoking benefits both the mother and baby, with various resources available for support.";"2024-11-28 20:49:11";"2024-11-28 20:49:11"
"411";"211";"E-cigarettes are not recommended during pregnancy due to limited research on their safety. Safer alternatives are available for those looking to quit smoking.";"2024-11-28 20:49:55";"2024-11-28 20:49:55"
"412";"212";"Pregnant women are advised against drinking alcohol, as even small amounts can harm the baby.";"2024-11-28 20:50:47";"2024-11-28 20:50:47"
"413";"213";"Alcohol during pregnancy can cause significant harm to the fetus.";"2024-11-28 20:51:38";"2024-11-28 20:51:38"
"414";"214";"Supportive actions to maintain a healthy pregnancy.";"2024-11-28 20:52:39";"2024-11-28 20:52:39"
"415";"215";"Advisories against using cannabis during pregnancy.";"2024-11-28 20:53:48";"2024-11-28 20:53:48"
"416";"216";"Warnings against drug use and recommendations for support.";"2024-11-28 20:54:38";"2024-11-28 20:54:38"
"417";"217";"Recommendations for using cleaning products safely during pregnancy.";"2024-11-28 20:55:48";"2024-11-28 20:55:48"
"418";"218";"Recommendations for safely using paint and paint removers during pregnancy.";"2024-11-28 20:56:49";"2024-11-28 20:56:49"
"419";"219";"Recommendations to reduce the risk of toxoplasmosis from cats during pregnancy.";"2024-11-28 20:57:47";"2024-11-28 20:57:47"
"420";"220";"Recommendations to avoid exposure to toxoplasmosis while gardening.";"2024-11-28 20:58:46";"2024-11-28 20:58:46"
"421";"221";"Understanding eligibility and procedures for workplace safety programs.";"2024-11-28 21:11:17";"2024-11-28 21:11:17"
"422";"222";"Questions like ""How should I wear a seat belt while pregnant?"" or ""Is it safe to use a seat belt during pregnancy?"" commonly arise for expectant mothers concerned about travel safety.";"2024-11-28 21:15:54";"2024-11-28 21:15:54"
"423";"223";"Questions like ""Can pregnant women travel by air?"" or ""Are there any restrictions for flying while pregnant?"" often arise for expectant mothers planning trips.";"2024-11-28 21:17:07";"2024-11-28 21:17:07"
"424";"224";"Questions like ""Is it safe to travel overseas while pregnant?"" or ""What should I consider before traveling abroad during pregnancy?"" are common among expecting mothers.";"2024-11-28 21:17:52";"2024-11-28 21:17:52"
"425";"225";"Questions like ""Is it safe for pregnant women to travel to Zika-affected areas?"" or ""What precautions should I take regarding Zika during pregnancy?"" arise frequently among travelers and expectant mothers.";"2024-11-28 21:19:46";"2024-11-28 21:19:46"
"426";"226";"Questions often arise such as, ""Does my insurance cover hospital stays and childbirth in another country?"" or ""Am I and my baby insured while traveling abroad?""";"2024-11-28 21:21:21";"2024-11-28 21:21:21"
"427";"227";"Women often ask, ""What should I eat during pregnancy?"" or ""How can I make my meals more nutritious for my pregnancy?""";"2024-11-28 21:22:15";"2024-11-28 21:22:15"
"428";"228";"Pregnant women often wonder, ""How can I ensure I’m eating the right foods for my pregnancy?"" or ""What should my daily diet look like during pregnancy?""";"2024-11-28 21:23:29";"2024-11-28 21:23:29"
"429";"229";"Many pregnant women ask, ""How often should I eat during pregnancy?"" or ""What’s the best way to manage my meals and snacks?""";"2024-11-28 21:27:02";"2024-11-28 21:27:02"
"430";"230";"Pregnant women often ask, ""Why is my appetite changing so much during pregnancy?"" or ""Is it normal to feel hungry one day and not the next?""";"2024-11-28 21:28:14";"2024-11-28 21:28:14"
"431";"231";"Pregnant women often express surprise or concern over strong cravings for certain foods. Questions like, ""Why am I craving specific foods?"" or ""Are my cravings normal?"" are common.";"2024-11-28 21:29:14";"2024-11-28 21:29:14"
"432";"232";"Pregnant women often experience food aversions, leading them to avoid foods they once enjoyed. This can lead to concerns like, ""Why can’t I eat what I used to?"" or ""How can I make sure I’m still getting enough nutrients if I can’t eat certain foods?""";"2024-11-28 21:30:11";"2024-11-28 21:30:11"
"433";"233";"Pregnant women are encouraged to focus on a balanced diet to ensure proper development of the baby and maintain their own health. The message often comes with guidance such as, ""What should I be eating during pregnancy?"" or ""How can I make sure my baby is getting the nutrients they need?""";"2024-11-28 21:31:43";"2024-11-28 21:31:43"
"434";"234";"The question of how to ensure proper intake of vegetables and fruits often arises during pregnancy, with concerns about how to incorporate them into daily meals.";"2024-11-28 21:33:14";"2024-11-28 21:33:14"
"435";"235";"Pregnant women may seek advice on how to incorporate more vegetables and fruits into their diet while considering affordability and health benefits.";"2024-11-29 08:26:58";"2024-11-29 08:26:58"
"436";"236";"Pregnant women may inquire about incorporating whole grain foods into their diet and the variety of options available to maintain a nutritious and energy-rich diet.";"2024-11-29 08:27:41";"2024-11-29 08:27:41"
"437";"237";"Pregnant women may ask about the importance of protein in their diet and the types of protein-rich foods to include regularly.";"2024-11-29 08:28:36";"2024-11-29 08:28:36"
"438";"238";"Pregnant women may inquire about the importance of dairy products in their diet and ways to include them in their meals for optimal nutrition.";"2024-11-29 08:29:18";"2024-11-29 08:29:18"
"439";"239";"Pregnant women experiencing lactose intolerance may seek advice on how to manage their condition while ensuring adequate calcium and nutrient intake.";"2024-11-29 08:30:10";"2024-11-29 08:30:10"
"440";"240";"Pregnant individuals looking for non-dairy options or protein-rich plant-based alternatives for their diet.";"2024-11-29 08:31:03";"2024-11-29 08:31:03"
"441";"241";"Pregnant individuals seeking protein-rich, high-fiber, and affordable food options to enhance their diet.";"2024-11-29 08:32:25";"2024-11-29 08:32:25"
"442";"242";"Pregnant individuals seeking protein-rich food sources and iron to support baby and placenta growth.";"2024-11-29 08:33:52";"2024-11-29 08:33:52"
"443";"243";"Pregnant individuals looking for omega-3 fatty acids and essential nutrients to support their baby’s brain and eye development.";"2024-11-29 08:34:30";"2024-11-29 08:34:30"
"444";"244";"Pregnant individuals should be aware of fish species that can have higher levels of mercury and other harmful contaminants.";"2024-11-29 08:35:21";"2024-11-29 08:35:21"
"445";"245";"Healthy snacks can help meet nutritional needs during pregnancy when combined thoughtfully.";"2024-11-29 08:36:04";"2024-11-29 08:36:04"
"446";"246";"Why is it necessary to take vitamin and mineral supplements during pregnancy? What should a prenatal multivitamin contain?";"2024-11-29 08:41:42";"2024-11-29 08:41:42"
"447";"247";"Why is folic acid important during pregnancy? What are the best sources of folic acid?";"2024-11-29 08:42:45";"2024-11-29 08:42:45"
"448";"248";"Why is iron essential during pregnancy? What are the effects of iron deficiency?";"2024-11-29 08:43:24";"2024-11-29 08:43:24"
"449";"249";"What animal-based foods are good sources of iron? What are the precautions regarding liver consumption during pregnancy?";"2024-11-29 08:43:58";"2024-11-29 08:43:58"
"450";"250";"What are some plant-based foods rich in iron, and how can you enhance iron absorption?";"2024-11-29 08:44:43";"2024-11-29 08:44:43"
"451";"251";"What are the sources of calcium and vitamin D during pregnancy, and why are they important?";"2024-11-29 08:45:33";"2024-11-29 08:45:33"
"452";"252";"Why are omega-3 fatty acids important during pregnancy, and how can you get them from food?";"2024-11-29 08:46:32";"2024-11-29 08:46:32"
"453";"253";"Why is fiber important during pregnancy, and how can you increase your intake?";"2024-11-29 08:47:05";"2024-11-29 08:47:05"
"454";"254";"How can you stay hydrated during pregnancy, and what are some recommended drinks?";"2024-11-29 08:47:46";"2024-11-29 08:47:46"
"455";"255";"How much caffeine can you safely consume during pregnancy, and what beverages should be avoided?";"2024-11-29 08:48:34";"2024-11-29 08:48:34"
"456";"256";"Which herbal teas are considered safe during pregnancy, and which should be avoided?";"2024-11-29 08:49:56";"2024-11-29 08:49:56"
"457";"257";"Are artificial sweeteners safe to consume during pregnancy?";"2024-11-29 08:50:30";"2024-11-29 08:50:30"
"458";"258";"How should women with gestational diabetes manage their diet during pregnancy?";"2024-11-29 08:51:45";"2024-11-29 08:51:45"
"459";"259";"How should women with multiple pregnancies manage their diet and nutritional needs?";"2024-11-29 08:52:43";"2024-11-29 08:52:43"
"460";"260";"How should pregnant women manage their diet if they follow a vegetarian or vegan lifestyle?";"2024-11-29 08:53:18";"2024-11-29 08:53:18"
"461";"261";"What are the risks of dieting during pregnancy?";"2024-11-29 08:54:05";"2024-11-29 08:54:05"
"462";"262";"Does excluding certain foods reduce the risk of allergies in newborns?";"2024-11-29 08:54:58";"2024-11-29 08:54:58"
"463";"263";"How to prevent food-borne infections";"2024-11-29 08:55:25";"2024-11-29 08:55:25"
"464";"264";"General food safety measures";"2024-11-29 08:56:07";"2024-11-29 08:56:07"
"466";"266";"What are the key cleanliness practices for food safety? How should you handle food preparation tools and surfaces? How can you disinfect materials after contact with raw meat? How often should kitchen towels be cleaned?";"2024-11-29 09:04:02";"2024-11-29 09:04:02"
"467";"267";"What temperature should the fridge and freezer be set at for safe food storage? How long can foods be kept at room temperature? Where should raw meat be stored in the fridge? How should perishable foods be stored after opening? What should you do with leftovers?";"2024-11-29 09:04:45";"2024-11-29 09:04:45"
"468";"268";"How should fruits and vegetables be washed? What should you do with damaged or bruised produce? How should food be defrosted safely? What precautions should be taken when handling raw and cooked foods? What should you do with food labels?";"2024-11-29 09:05:38";"2024-11-29 09:05:38"
"469";"269";"How can you ensure food is cooked safely? Do frozen vegetables need to be cooked? What temperature should food be served at?";"2024-11-29 09:06:17";"2024-11-29 09:06:17"
"470";"270";"Why are pregnant women more vulnerable to certain infections? What infections pose a risk during pregnancy? How is toxoplasmosis transmitted?";"2024-11-29 09:07:08";"2024-11-29 09:07:08"
"471";"271";"What is listeriosis and what causes it? How does listeriosis affect pregnant women? What are the symptoms and complications of listeriosis during pregnancy?";"2024-11-29 09:07:44";"2024-11-29 09:07:44"
"472";"272";"How can food become contaminated with listeriosis bacteria? What foods are most likely to transmit listeriosis, and how can they be prevented?";"2024-11-29 09:08:32";"2024-11-29 09:08:32"
"473";"273";"What are safer meat choices for pregnant women, and which ones should they avoid? How can meats be safely prepared?";"2024-11-29 09:09:32";"2024-11-29 09:09:32"
"474";"274";"What are safer fish and seafood choices during pregnancy, and which ones should be avoided? How should fish be prepared to ensure safety?";"2024-11-29 09:10:21";"2024-11-29 09:10:21"
"475";"275";"What are the safer choices for eggs and egg-based products during pregnancy, and what should be avoided? How should eggs be cooked or used in recipes for safety?";"2024-11-29 09:11:24";"2024-11-29 09:11:24"
"476";"276";"What are the safer choices for vegetables, fruits, and juices during pregnancy, and what should be avoided? How should fruits and vegetables be prepared for safety?";"2024-11-29 09:11:56";"2024-11-29 09:11:56"
"477";"277";"What are the safer choices for milk and dairy products during pregnancy, and which ones should be avoided?";"2024-11-29 09:12:35";"2024-11-29 09:12:35"
"478";"278";"What are the safe types of cheeses during pregnancy, and which ones should be avoided?";"2024-11-29 09:13:20";"2024-11-29 09:13:20"
"479";"279";"What health professionals are available for prenatal care? How can you find information about available services? What options exist for midwife services during pregnancy?";"2024-11-29 09:15:03";"2024-11-29 09:15:03"
"480";"280";"What is the role of a doula during pregnancy and delivery? How should you choose a doula? Should you inform your health professional about hiring a doula? Are there any costs involved?";"2024-11-29 09:15:44";"2024-11-29 09:15:44"
"481";"281";"What services do CLSCs provide to pregnant women and parents? How can a CLSC help with your health and well-being? What role do CLSCs play after birth? How does a CLSC collaborate with other services? How can you find a CLSC in your area?";"2024-11-29 09:16:20";"2024-11-29 09:16:20"
"482";"282";"What are Info-Santé and Info-Social, and what services do they provide? How can you access these services? Are these services confidential, and are they available everywhere?";"2024-11-29 09:16:56";"2024-11-29 09:16:56"
"483";"283";"What do prenatal classes cover, and who should attend? How can you find prenatal classes in your area?";"2024-11-29 09:17:34";"2024-11-29 09:17:34"
"484";"284";"What types of prenatal activities are available, and who can participate? How can you find these activities in your area?";"2024-11-29 09:18:10";"2024-11-29 09:18:10"
"485";"285";"When is the first prenatal appointment typically scheduled? What will happen during the first prenatal appointment?";"2024-11-29 09:31:08";"2024-11-29 09:31:08"
"486";"286";"What kind of questions might your health professional ask during your first prenatal appointment? Why is it important to discuss tests and concerns at this stage?";"2024-11-29 09:36:53";"2024-11-29 09:36:53"
"487";"287";"What does a physical exam involve during your prenatal visits? What will be monitored during subsequent appointments?";"2024-11-29 09:37:29";"2024-11-29 09:37:29"
"488";"288";"What blood tests and urine analyses might be prescribed during pregnancy? What are they used to determine?";"2024-11-29 09:38:11";"2024-11-29 09:38:11"
"489";"289";"Why are vaginal swabs recommended during pregnancy? What do they screen for and how are the results treated?";"2024-11-29 09:39:49";"2024-11-29 09:39:49"
"490";"290";"What is an ultrasound used for during pregnancy? What information can it provide and can it reveal the baby's sex?";"2024-11-29 09:41:35";"2024-11-29 09:41:35"
"491";"291";"What are the screening tests for chromosomal anomalies in pregnancy? What steps are involved, and are they mandatory?";"2024-11-29 09:42:09";"2024-11-29 09:42:09"
"492";"292";"What does the biochemical test involve, and what is its purpose in screening for trisomies? What happens if the test shows a high probability of trisomy 21 or 18?";"2024-11-29 09:42:52";"2024-11-29 09:42:52"
"493";"293";"What is the purpose of the ultrasound between weeks 11 and 13, and what does nuchal translucency measurement indicate?";"2024-11-29 09:43:24";"2024-11-29 09:43:24"
"494";"294";"What is the purpose of the genomic test, and how is it performed?";"2024-11-29 09:43:53";"2024-11-29 09:43:53"
"495";"295";"What is the diagnostic test, when is it offered, and what should you consider before deciding to take it?";"2024-11-29 09:45:35";"2024-11-29 09:45:35"
"496";"296";"What should you know about dental care during pregnancy?";"2024-11-29 09:46:10";"2024-11-29 09:46:10"
"497";"297";"What should you know about eye care during pregnancy?";"2024-11-29 09:46:46";"2024-11-29 09:46:46"
"498";"298";"What to do if you need an x-ray during pregnancy?";"2024-11-29 09:47:16";"2024-11-29 09:47:16"
"499";"299";"Why is the flu vaccine recommended during pregnancy?";"2024-11-29 09:47:57";"2024-11-29 09:47:57"
"500";"300";"Why is the pertussis vaccine recommended during pregnancy?";"2024-11-29 09:48:35";"2024-11-29 09:48:35"
"501";"301";"What should you do if you have been in contact with someone with a contagious disease during pregnancy?";"2024-11-29 09:49:26";"2024-11-29 09:49:26"
"502";"302";"What should you do if you've been in contact with someone with pertussis (whooping cough) during pregnancy?";"2024-11-29 09:50:13";"2024-11-29 09:50:13"
"503";"303";"What should pregnant women know about CMV?";"2024-11-29 09:50:54";"2024-11-29 09:50:54"
"504";"304";"What should pregnant women know about Fifth disease?";"2024-11-29 09:51:32";"2024-11-29 09:51:32"
"505";"305";"What should pregnant women know about Rubella?";"2024-11-29 09:54:06";"2024-11-29 09:54:06"
"506";"306";"What risks does measles pose to pregnant women?";"2024-11-29 09:54:51";"2024-11-29 09:54:51"
"507";"307";"What should pregnant women do if exposed to chickenpox?";"2024-11-29 09:55:28";"2024-11-29 09:55:28"
"508";"308";"Are there any risks from certain contagious diseases during pregnancy?";"2024-11-29 09:56:23";"2024-11-29 09:56:23"
"509";"309";"Should I continue my medications or natural health products during pregnancy?";"2024-11-29 09:57:45";"2024-11-29 09:57:45"
"510";"310";"What should I do if I'm taking medication and find out I'm pregnant?";"2024-11-29 09:58:53";"2024-11-29 09:58:53"
"511";"311";"Can over-the-counter medications be used during pregnancy? Are there risks involved? What should be done before using over-the-counter medications during pregnancy? How can a health professional help with medication use during pregnancy?";"2024-11-29 10:00:25";"2024-11-29 10:00:25"
"512";"312";"Are natural health products safe during pregnancy? What risks do they pose? How do natural health products differ when used as food or in other forms? What types of natural health products should be avoided?";"2024-11-29 10:01:11";"2024-11-29 10:01:11"
"513";"313";"What are common discomforts during pregnancy? How can fatigue be relieved during pregnancy? What causes fatigue and how can it be managed? When should you seek help?";"2024-11-29 10:02:44";"2024-11-29 10:02:44"
"514";"314";"When does nausea and vomiting occur during pregnancy? What are common causes? How can it be managed? When should you see a doctor?";"2024-11-29 10:03:36";"2024-11-29 10:03:36"
"515";"315";"When do leg cramps typically occur during pregnancy? What causes them, and what are some relief methods? When should you consult a doctor?";"2024-11-29 10:04:20";"2024-11-29 10:04:20"
"516";"316";"What causes heartburn and acid reflux during pregnancy, and how can they be relieved? When should you seek medical help?";"2024-11-29 10:05:07";"2024-11-29 10:05:07"
"517";"317";"What causes constipation during pregnancy, and how can it be relieved? When should you seek medical help?";"2024-11-29 10:05:56";"2024-11-29 10:05:56"
"518";"318";"What causes hemorrhoids during pregnancy, and how can they be relieved? When should you seek medical help?";"2024-11-29 10:06:45";"2024-11-29 10:06:45"
"519";"319";"What causes varicose veins and swelling during pregnancy, and how can they be alleviated? When should you consult a doctor?";"2024-11-29 10:07:33";"2024-11-29 10:07:33"
"520";"320";"What causes numbness and pain in the hands during pregnancy, and how can it be treated? When should you consult a doctor?";"2024-11-29 10:08:41";"2024-11-29 10:08:41"
"521";"321";"What causes back pain during pregnancy, and how can it be managed? When should you seek medical help?";"2024-11-29 10:09:23";"2024-11-29 10:09:23"
"522";"322";"How to manage pregnancy-related gum issues, and when to seek dental care";"2024-11-29 10:10:46";"2024-11-29 10:10:46"
"523";"323";"Advice on managing common health issues during pregnancy";"2024-11-29 10:12:32";"2024-11-29 10:12:32"
"524";"324";"What causes vaginal bleeding before 14 weeks of pregnancy? When should you consult a health professional for bleeding during the first trimester? What are the signs of heavy bleeding or other complications that require immediate attention?";"2024-11-29 10:24:56";"2024-11-29 10:24:56"
"525";"325";"Is vaginal bleeding after 14 weeks of pregnancy normal? What could cause bleeding in the second or third trimester, and when should you see a health professional?";"2024-11-29 10:25:43";"2024-11-29 10:25:43"
"526";"326";"Is it normal to lose consciousness during pregnancy? What should you do if you experience fainting with other symptoms? When should you seek medical help for fainting?";"2024-11-29 10:26:23";"2024-11-29 10:26:23"
"527";"327";"What should you do if you experience severe headaches, upper abdominal pain, or changes in vision during pregnancy? When should you see a health professional regarding blood pressure?";"2024-11-29 10:27:43";"2024-11-29 10:27:43"
"528";"328";"What does a fever indicate during pregnancy? When should you be concerned about a fever while pregnant?";"2024-11-29 10:31:01";"2024-11-29 10:31:01"
"529";"329";"When should you consult a health professional for a fever during pregnancy? What medications can you take, and when should you be cautious?";"2024-11-29 10:31:52";"2024-11-29 10:31:52"
"530";"330";"What should you do if you notice a decrease or lack of baby movement after 26 weeks? How should you monitor the movements?";"2024-11-29 10:32:39";"2024-11-29 10:32:39"
"531";"331";"How can you tell if you are experiencing real contractions before 37 weeks? What should you watch out for?";"2024-11-29 10:33:46";"2024-11-29 10:33:46"
"532";"332";"What should you do if you experience regular contractions and increased vaginal discharge before 37 weeks? What does it indicate after 37 weeks?";"2024-11-29 10:34:33";"2024-11-29 10:34:33"
"533";"333";"How can you tell the difference between heartburn and other abdominal pains? What are the symptoms of heartburn?";"2024-11-29 10:35:41";"2024-11-29 10:35:41"
"534";"334";"How can you recognize intestinal cramps? What symptoms are associated with intestinal cramps?";"2024-11-29 10:36:28";"2024-11-29 10:36:28"
"535";"335";"What symptoms indicate a urinary tract infection (UTI)? What are the signs of a UTI?";"2024-11-29 10:37:10";"2024-11-29 10:37:10"
"536";"336";"What causes ligament pain during pregnancy? When do you experience ligament pain, and is it dangerous?";"2024-11-29 10:37:51";"2024-11-29 10:37:51"
"537";"337";"What are uterine contractions, and how can you tell if they are a sign of labor? What is the duration and pattern of contraction pain?";"2024-11-29 10:38:39";"2024-11-29 10:38:39"
"538";"338";"What is the significance of losing amniotic fluid during pregnancy, and what should you do if it happens? How can you tell if it’s amniotic fluid, and what does it mean if your waters break before or after 37 weeks?";"2024-11-29 10:39:30";"2024-11-29 10:39:30"
"539";"339";"What are the different types of discharge during pregnancy, and how can you identify them? How do you estimate whether you're losing amniotic fluid?";"2024-11-29 10:41:19";"2024-11-29 10:41:19"
"540";"340";"What are the causes of bleeding in early pregnancy, and how is miscarriage related to early pregnancy bleeding?";"2024-11-29 10:42:24";"2024-11-29 10:42:24"
"541";"341";"What are the causes of miscarriage, and how does Rh negative blood impact the situation?";"2024-11-29 10:43:15";"2024-11-29 10:43:15"
"542";"342";"How does the risk of miscarriage change with age? What is the miscarriage risk for women over 35 and over 40?";"2024-11-29 10:44:59";"2024-11-29 10:44:59"
"543";"343";"How long should you wait to try for pregnancy again after a miscarriage? Is it necessary to consult a health professional if you've had multiple miscarriages? Should you continue taking folic acid?";"2024-11-29 10:45:53";"2024-11-29 10:45:53"
"544";"344";"What is an ectopic pregnancy? Can it continue to term? What treatments are necessary for an ectopic pregnancy?";"2024-11-29 10:46:51";"2024-11-29 10:46:51"
"545";"345";"What emotions are common after a miscarriage or ectopic pregnancy? Is it normal to grieve? Are there any misconceptions about what causes a miscarriage?";"2024-11-29 10:47:51";"2024-11-29 10:47:51"
"546";"346";"How do people grieve after losing an unborn child? Do men and women grieve the same way? How can you get help with grief or inform family and friends? Are there any benefits available for the loss of an unborn child after 19 weeks?";"2024-11-29 10:48:49";"2024-11-29 10:48:49"
"547";"347";"What is hypertension during pregnancy? How is it managed? Can hypertension lead to induced labor?";"2024-11-29 10:50:41";"2024-11-29 10:50:41"
"548";"348";"What is a multiple pregnancy? What are the types of twins, and how do they differ?";"2024-11-29 10:56:57";"2024-11-29 10:56:57"
"549";"349";"What physical changes do women with multiple pregnancies experience? What are the risks and nutritional needs for multiple pregnancies? Is vaginal birth possible? What support resources are available?";"2024-11-29 10:58:00";"2024-11-29 10:58:00"
"550";"350";"What are the signs of domestic violence during pregnancy? How can domestic violence affect a woman during and after pregnancy?";"2024-11-29 10:58:58";"2024-11-29 10:58:58"
"551";"351";"What are the effects of different types of violence during pregnancy? Why is it important to seek help if you are experiencing violence?";"2024-11-29 10:59:54";"2024-11-29 10:59:54"
"552";"352";"What do health professionals recommend about breastfeeding, and why is it important to understand your reasons for breastfeeding before birth? How can you prepare for the challenges you might face?";"2024-11-29 11:01:57";"2024-11-29 11:01:57"
"553";"353";"What health benefits does breastfeeding provide for both the baby and the mother? How should a mother handle breastfeeding when sick, and what precautions should she take?";"2024-11-29 11:03:04";"2024-11-29 11:03:04"
"554";"354";"How does breastfeeding develop as a skill, and what should a new mother expect during the early stages? What support is recommended during this learning period?";"2024-11-29 11:04:38";"2024-11-29 11:04:38"
"555";"355";"What happens in the first few days after birth in terms of milk production? How does colostrum help during this early period?";"2024-11-29 11:06:16";"2024-11-29 11:06:16"
"556";"356";"How does frequent breastfeeding or breast stimulation support milk production?";"2024-11-29 11:07:07";"2024-11-29 11:07:07"
"557";"357";"How does milk production change after childbirth?";"2024-11-29 11:08:22";"2024-11-29 11:08:22"
"558";"358";"How does breast milk change to meet the baby’s needs?";"2024-11-29 11:09:12";"2024-11-29 11:09:12"
"559";"359";"How to promote successful breastfeeding right after birth.";"2024-11-29 11:10:13";"2024-11-29 11:10:13"
"560";"360";"How keeping the baby close and recognizing hunger signs enhances breastfeeding.";"2024-11-29 11:11:07";"2024-11-29 11:11:07"
"561";"361";"How proper latching technique prevents discomfort and supports breastfeeding success.";"2024-11-29 11:11:58";"2024-11-29 11:11:58"
"562";"362";"Understanding and responding to the baby's hunger cues and ensuring adequate milk intake.";"2024-11-29 11:12:51";"2024-11-29 11:12:51"
"563";"363";"Understanding the differences in feeding methods and the importance of recognizing hunger cues.";"2024-11-29 11:14:04";"2024-11-29 11:14:04"
"564";"364";"Practical advice for choosing breastfeeding accessories.";"2024-11-29 11:14:55";"2024-11-29 11:14:55"
"565";"365";"Reassurance and solutions for common breastfeeding challenges.";"2024-11-29 11:15:43";"2024-11-29 11:15:43"
"566";"366";"Encouraging active involvement from partners and family in breastfeeding and infant care.";"2024-11-29 11:17:55";"2024-11-29 11:17:55"
"567";"367";"Stressing the importance of family and friends' support during the breastfeeding journey.";"2024-11-29 11:18:51";"2024-11-29 11:18:51"
"568";"368";"Emphasizing early planning for birth and visiting facilities.";"2024-11-29 11:20:13";"2024-11-29 11:20:13"
"569";"369";"What are the essential items to bring to the hospital or birthing centre for the mother? Do I need health insurance proof, hospital cards, and pregnancy documents? Should I pack comfortable clothes, toiletries, and personal items like snacks and medication?";"2024-11-29 11:22:59";"2024-11-29 11:22:59"
"570";"370";"What should the partner bring to the hospital or birthing centre? What are the essential items for the baby, such as clothing, diapers, and a car seat?";"2024-11-29 11:26:35";"2024-11-29 11:26:35"
"571";"371";"Can women who have had a C-section give birth vaginally in the future? What are the benefits and risks of attempting a VBAC?";"2024-11-29 11:28:25";"2024-11-29 11:28:25"
"572";"372";"How do you decide whether to have a vaginal birth after a C-section? What factors influence the decision, and can the plan change during pregnancy?";"2024-11-29 11:29:31";"2024-11-29 11:29:31"
"573";"373";"How do you prepare for a VBAC, and what types of support can help during labor? Can you use pain relief options during a VBAC?";"2024-11-29 11:30:55";"2024-11-29 11:30:55"
"574";"374";"What happens if your baby is in a breech position, and what are the options for delivery? Can your doctor help turn the baby, and what happens if vaginal birth is not possible?";"2024-11-29 11:32:01";"2024-11-29 11:32:01"
"575";"375";"How should you prepare for the birth, and why is a birth plan helpful? What are some things to consider when making one, and how can you share it with your healthcare providers?";"2024-11-29 11:33:13";"2024-11-29 11:33:13"
"576";"376";"What should you think about when preparing your birth plan regarding support, pain management, and the birth environment? How can you plan for specific methods, techniques, and positions?";"2024-11-29 11:34:26";"2024-11-29 11:34:26"
"577";"377";"What interventions may be considered during childbirth, and how can you plan for them? What should you know about these procedures, and how can you prepare for unexpected situations like a caesarean birth?";"2024-11-29 11:35:29";"2024-11-29 11:35:29"
"578";"378";"What are your preferences for the first moments with your baby? How do you envision rooming-in and ensuring privacy at the hospital or birthing centre?";"2024-11-29 11:36:38";"2024-11-29 11:36:38"
"579";"379";"What exams and interventions will be suggested for you and your baby after birth? How will you handle unexpected developments, like a premature baby? What measures can help you stay with your baby during hospitalization and support breastfeeding?";"2024-11-29 11:37:43";"2024-11-29 11:37:43"
"580";"380";"How do you want to feed your baby? Have you discussed your breastfeeding decision with your family and hospital staff? Does your hospital have breastfeeding support? How would you feel about using formula or supplements if needed, especially if your baby is premature?";"2024-11-29 11:39:25";"2024-11-29 11:39:25"
"581";"381";"How can you prepare for your baby’s arrival at home? What can you do to organize your home and make it easier to adjust? What should you do if you need help? How can you manage the first days and weeks with your baby?";"2024-11-29 11:45:04";"2024-11-29 11:45:04"
"582";"382";"When does labor typically begin, and what are the signs? How do you know if your mucus plug has been lost, and does it signal the start of labor?";"2024-11-29 11:46:29";"2024-11-29 11:46:29"
"583";"383";"What are contractions, and how do they signal the start of labor? How do contractions feel, and how do they differ from woman to woman?";"2024-11-29 11:47:42";"2024-11-29 11:47:42"
"584";"384";"What does it mean when your waters break, and how does it signal the start of labor? How much fluid is released, and what should you do when it happens?";"2024-11-29 11:49:44";"2024-11-29 11:49:44"
"585";"385";"When should you head to the hospital or birthing center during labor? What are the signs that indicate it's time to go?";"2024-11-29 11:52:52";"2024-11-29 11:52:52"
"586";"386";"How can you cope with the pain of labor without medication? What should you understand about the pain of labor?";"2024-11-29 11:57:14";"2024-11-29 11:57:14"
"587";"387";"Why is it important to have someone with you during childbirth, and how can a partner support during labor?";"2024-11-29 12:56:48";"2024-11-29 12:56:48"
"588";"388";"Why is creating a supportive environment important during childbirth, and how can it be achieved?";"2024-11-29 12:59:43";"2024-11-29 12:59:43"
"589";"389";"What techniques can help manage childbirth pain, and how do they work?";"2024-11-29 13:00:26";"2024-11-29 13:00:26"
"590";"390";"How can water be used to manage childbirth pain, and why is it effective?";"2024-11-29 13:01:14";"2024-11-29 13:01:14"
"591";"391";"How can massage be used to ease childbirth pain, and what methods might be effective?";"2024-11-29 13:01:51";"2024-11-29 13:01:51"
"592";"392";"How can compresses and relaxation methods help manage pain during childbirth, and what practices are recommended?";"2024-11-29 13:03:18";"2024-11-29 13:03:18"
"593";"393";"What other techniques are available for managing childbirth pain, and what should you do if non-drug methods no longer work?";"2024-11-29 13:04:04";"2024-11-29 13:04:04"
"594";"394";"What are some effective strategies for coping with childbirth pain, and how can others assist you during labour?";"2024-11-29 13:04:54";"2024-11-29 13:04:54"
"595";"395";"What positions can help during labour, and how do they support the birthing process?";"2024-11-29 13:05:42";"2024-11-29 13:05:42"
"596";"396";"What are the three main stages of labor? What happens during each stage of childbirth? How long does each stage last?";"2024-11-29 13:11:05";"2024-11-29 13:11:05"
"597";"397";"What happens during the latent phase of labor? How can you differentiate between early labor and false labor? When should you go to the hospital during the latent phase?";"2024-11-29 13:12:05";"2024-11-29 13:12:05"
"598";"398";"What happens during active labor? How do contractions change during this phase? What is the second stage of labor like emotionally, and how can you cope with it?";"2024-11-29 13:13:23";"2024-11-29 13:13:23"
"599";"399";"What happens when your cervix is fully dilated? How does the urge to push feel, and what should you do if you feel it before complete dilation? Is it normal to have a bowel movement or experience a perineal tear during pushing? How does an epidural affect the sensation of the urge to push?";"2024-11-29 13:14:22";"2024-11-29 13:14:22"
"600";"400";"What happens when your cervix is fully dilated? How does the urge to push feel, and what should you do if you feel it before complete dilation? Is it normal to have a bowel movement or experience a perineal tear during pushing? How does an epidural affect the sensation of the urge to push?";"2024-11-29 13:15:28";"2024-11-29 13:15:28"
"601";"401";"What happens after the birth of the baby during the third stage of labor? How does the body respond to prevent hemorrhaging, and what role does breastfeeding play? What are the treatments if contractions are not strong enough?";"2024-11-29 13:18:04";"2024-11-29 13:18:04"
"602";"402";"What happens in the first moments after the baby is born? How does skin-to-skin contact benefit both the baby and mother? What role does breastfeeding play during this time?";"2024-11-29 13:18:57";"2024-11-29 13:18:57"
"603";"403";"What should you do if immediate skin-to-skin contact isn't possible? How does skin-to-skin contact or being held by a parent or significant person benefit the baby? What are the emotional aspects of this bonding time?";"2024-11-29 13:20:04";"2024-11-29 13:20:04"
"604";"404";"What is a membrane sweep and why might a healthcare provider suggest it? How is the procedure performed, and what should you expect afterwards?";"2024-11-29 13:21:07";"2024-11-29 13:21:07"
"605";"405";"Why is labour induced, and when might it be necessary? What situations might lead to induction, and what should you discuss with your healthcare provider?";"2024-11-29 13:21:59";"2024-11-29 13:21:59"
"606";"406";"What are the different methods used to induce labour, and how do they work? How is the cervix prepared, and what methods might be used to start contractions or break the water?";"2024-11-29 13:23:01";"2024-11-29 13:23:01"
"607";"407";"When might labour be stimulated, and what method is used? How does oxytocin help in this process?";"2024-11-29 13:23:50";"2024-11-29 13:23:50"
"608";"408";"Why might a fetal monitor be used, and how does it work? What should you do if the monitor is uncomfortable or the heartbeat is not heard?";"2024-11-29 13:25:09";"2024-11-29 13:25:09"
"609";"409";"When is fetal monitoring used, and why is it necessary?";"2024-11-29 13:26:05";"2024-11-29 13:26:05"
"610";"410";"Why is monitoring used when inducing or stimulating labour with drugs, and how long does it continue?";"2024-11-29 13:26:53";"2024-11-29 13:26:53"
"611";"411";"Why is monitoring used during labour, and in what situations is it necessary?";"2024-11-29 13:27:44";"2024-11-29 13:27:44"
"612";"412";"Different pain medication options during childbirth";"2024-11-29 13:31:45";"2024-11-29 13:31:45"
"613";"413";"How epidural anaesthesia works and its effects";"2024-11-29 13:32:59";"2024-11-29 13:32:59"
"614";"414";"Preparation for epidural and associated changes during labor";"2024-11-29 13:33:57";"2024-11-29 13:33:57"
"615";"415";"Administration, effects, and side effects of narcotics";"2024-11-29 13:34:40";"2024-11-29 13:34:40"
"616";"416";"Administration and effects of nitrous oxide";"2024-11-29 13:35:26";"2024-11-29 13:35:26"
"617";"417";"Administration and effects of pudendal nerve block";"2024-11-29 13:36:53";"2024-11-29 13:36:53"
"618";"418";"Use and risks of episiotomy";"2024-11-29 13:38:28";"2024-11-29 13:38:28"
"619";"419";"Surgical procedure for delivery";"2024-11-29 13:40:04";"2024-11-29 13:40:04"
"620";"420";"What are the reasons for planning a caesarean? When might an unplanned caesarean be necessary? What are the medical situations that call for a planned caesarean? What could trigger an unplanned caesarean?";"2024-11-29 13:41:59";"2024-11-29 13:41:59"
"621";"421";"What happens before a caesarean? What types of anaesthesia are used during a caesarean? Who can be present during the operation? How is skin-to-skin contact initiated after a caesarean? What happens during the surgical procedure, and how is the baby delivered?";"2024-11-29 13:43:27";"2024-11-29 13:43:27"
"622";"422";"What are the short-term effects of a caesarean? What complications can arise from a caesarean delivery? What are the long-term effects on the mother? How might a caesarean affect the baby?";"2024-11-29 13:45:33";"2024-11-29 13:45:33"
"623";"423";"How should a mother recover after a caesarean? What should be done for pain relief and incision care? When can a mother resume activities after a caesarean?";"2024-11-29 13:47:11";"2024-11-29 13:47:11"
"624";"424";"How does skin-to-skin contact benefit a newborn? What is the best way to perform skin-to-skin contact? How does skin-to-skin contact help with breastfeeding?";"2024-11-29 13:48:02";"2024-11-29 13:48:02"
"625";"425";"How long is the typical stay at a hospital or birthing centre? What are some important tasks and considerations during your stay? Why is rooming-in encouraged, and what should you do before leaving the hospital?";"2024-11-29 13:49:15";"2024-11-29 13:49:15"
"626";"426";"What care will the nurses and doctors provide to your newborn during your hospital stay? What preventive measures might be suggested for your baby?";"2024-11-29 13:50:06";"2024-11-29 13:50:06"
"627";"427";"What physical examination will your newborn receive during the hospital or birthing centre stay? What is the purpose of this examination?";"2024-11-29 13:51:10";"2024-11-29 13:51:10"
"628";"428";"What is the purpose of neonatal screening, and what types of screenings are done? How are blood and urine screenings performed for newborns?";"2024-11-29 13:52:06";"2024-11-29 13:52:06"
"629";"429";"What should parents do when things don’t go as planned during childbirth? How should they handle a baby with health problems or a premature baby?";"2024-11-29 13:53:25";"2024-11-29 13:53:25"
"630";"430";"What care does a premature baby receive if born before 34 weeks? How is a premature baby supported in a neonatal intensive care unit?";"2024-11-29 13:54:29";"2024-11-29 13:54:29"
"631";"431";"What care is given to a baby born between 34 and 37 weeks? What specific treatments may be needed for a late preterm baby?";"2024-11-29 13:55:30";"2024-11-29 13:55:30"
"632";"432";"How can parents cope when their baby is hospitalized? What steps can they take to manage feelings of guilt and get the support they need?";"2024-11-29 13:56:55";"2024-11-29 13:56:55"
"633";"433";"What suggestions can help make a hospital stay easier for parents of a hospitalized baby? How can parents stay connected with their baby during this time?";"2024-11-29 13:58:02";"2024-11-29 13:58:02"
"634";"434";"How can parents express milk for their baby if breastfeeding isn't immediately possible?";"2024-11-29 13:58:56";"2024-11-29 13:58:56"
"635";"435";"How can parents manage hospital visits and support siblings during a newborn's hospitalization?";"2024-11-29 14:00:01";"2024-11-29 14:00:01"
"636";"436";"How can parents cope with the loss of a newborn child?";"2024-11-29 14:01:34";"2024-11-29 14:01:34"
"637";"437";"How can parents cope with grief after the loss of a baby?";"2024-11-29 14:02:28";"2024-11-29 14:02:28"
"638";"438";"After childbirth, how long does it take to recover and what symptoms should be watched for? What signs indicate a need for immediate medical attention or consultation with a healthcare provider?";"2024-11-29 14:05:36";"2024-11-29 14:05:36"
"639";"439";"What causes uterine contractions after childbirth, and how do they vary in different pregnancies? What should you do if the pain becomes difficult to manage?";"2024-11-29 14:06:34";"2024-11-29 14:06:34"
"640";"440";"What is lochia, and how does the blood loss change after childbirth? When should you consult a healthcare provider? What should you use for managing the discharge?";"2024-11-29 14:07:28";"2024-11-29 14:07:28"
"641";"441";"What hygiene practices are important after giving birth? How should you care for yourself after vaginal and caesarean births?";"2024-11-29 14:08:21";"2024-11-29 14:08:21"
"642";"442";"How should you care for stitches after childbirth? What should you do if you notice signs of infection in your stitches?";"2024-11-29 14:09:20";"2024-11-29 14:09:20"
"643";"443";"What is the normal time for a bowel movement after delivery? What can you do if you experience constipation postpartum?";"2024-11-29 14:11:04";"2024-11-29 14:11:04"
"644";"444";"Is it normal to have trouble with urination after childbirth? How long does it take for the pelvic floor muscles to recover, and what can you do to help?";"2024-11-29 14:13:02";"2024-11-29 14:13:02"
"645";"445";"Is it normal to feel fatigued after giving birth? How can you manage your energy levels during recovery?";"2024-11-29 14:13:53";"2024-11-29 14:13:53"
"646";"446";"Is it safe to resume physical activity after childbirth? What activities can you start with, and when?";"2024-11-29 14:15:05";"2024-11-29 14:15:05"
"647";"447";"How does weight loss work after pregnancy? What is a reasonable expectation for postpartum weight loss? Should you go on a diet?";"2024-11-29 14:16:49";"2024-11-29 14:16:49"
"648";"448";"What are baby blues, and how long do they last? What can new mothers do to cope with mood swings? When should you seek help?";"2024-11-29 14:18:08";"2024-11-29 14:18:08"
"649";"449";"What are the signs of depression after childbirth? How can you differentiate between postpartum depression and normal post-birth struggles?";"2024-11-29 14:19:12";"2024-11-29 14:19:12"
"650";"450";"What are the signs of postpartum depression in men? How can men express depression differently from women?";"2024-11-29 14:21:17";"2024-11-29 14:21:17"
"651";"451";"How can childbirth affect sexual activity and intimacy?";"2024-11-29 14:23:37";"2024-11-29 14:23:37"
"652";"452";"What conditions must be met for breastfeeding to work as a birth control method? Can you rely on it if you haven't had your period yet? When should you consult a healthcare provider?";"2024-11-29 14:26:07";"2024-11-29 14:26:07"
"653";"453";"What factors should you consider when choosing a birth control method? Which methods are the most effective? What precautions should you take when switching birth control methods?";"2024-11-29 14:26:59";"2024-11-29 14:26:59"
"654";"454";"When can you start using contraceptive implants after childbirth if there are no contraindications?";"2024-11-29 14:27:55";"2024-11-29 14:27:55"
"655";"455";"When can you start using a hormonal IUD after childbirth if there are no contraindications?";"2024-11-29 14:28:36";"2024-11-29 14:28:36"
"656";"456";"When is it possible to start using a copper IUD after childbirth, provided there are no contraindications?";"2024-11-29 14:29:20";"2024-11-29 14:29:20"
"657";"457";"When can you start using a contraceptive injection after childbirth, and what factors should be considered?";"2024-11-29 14:30:19";"2024-11-29 14:30:19"
"658";"458";"When can you start using the progestin-only pill after childbirth, and are there any restrictions?";"2024-11-29 14:31:09";"2024-11-29 14:31:09"
"659";"459";"When can you start combined hormonal contraceptives like pills, patches, or vaginal rings after giving birth, and are there any variations in timing?";"2024-11-29 14:32:01";"2024-11-29 14:32:01"
"660";"460";"When can you start using a diaphragm or cervical cap after giving birth?";"2024-11-29 14:33:37";"2024-11-29 14:33:37"
"661";"461";"When can you start using a condom after giving birth?";"2024-11-29 14:34:23";"2024-11-29 14:34:23"
"662";"462";"How do hormonal contraceptives affect milk production, and what should you do if there’s a problem?";"2024-11-29 14:35:24";"2024-11-29 14:35:24"
"663";"463";"What are the emergency contraception options after unprotected sex, and how does breastfeeding affect them?";"2024-11-29 14:38:59";"2024-11-29 14:38:59"
"664";"464";"When can a copper IUD be inserted after unprotected sex, and are there any restrictions?";"2024-11-29 14:40:37";"2024-11-29 14:40:37"
"665";"465";"What is the fetal position, and why does a baby assume it after birth?";"2024-11-29 14:41:51";"2024-11-29 14:41:51"
"666";"466";"What is the average size and weight of a full-term baby, and why does a baby lose weight after birth?";"2024-11-29 14:43:16";"2024-11-29 14:43:16"
"667";"467";"What are the characteristics of a newborn’s skin, including its color and sensitivity, and what changes occur after birth?";"2024-11-29 14:44:20";"2024-11-29 14:44:20"
"668";"468";"What are the characteristics of a newborn’s eyes, including their color and tear production, and when do they change?";"2024-11-29 14:45:24";"2024-11-29 14:45:24"
"669";"469";"How should you care for your newborn’s head, and what changes occur in the skull and fontanels after birth?";"2024-11-29 14:48:16";"2024-11-29 14:48:16"
"670";"470";"Why do newborns sometimes have swollen breasts, and how should you handle this?";"2024-11-29 14:50:10";"2024-11-29 14:50:10"
"671";"471";"What should parents know about their newborn's genital development and care, and how should they handle potential issues?";"2024-11-29 14:51:09";"2024-11-29 14:51:09"
"672";"472";"What types of skin spots are common in newborns, and how should parents react to them?";"2024-11-29 14:52:15";"2024-11-29 14:52:15"
"673";"473";"Why do newborns sneeze, and should parents be concerned?";"2024-11-29 14:53:09";"2024-11-29 14:53:09"
"674";"474";"Why do babies get hiccups, and is it a cause for concern?";"2024-11-29 14:54:34";"2024-11-29 14:54:34"
"675";"475";"How can you ensure your newborn is warm without overheating, and what is the ideal room temperature?";"2024-11-29 14:55:24";"2024-11-29 14:55:24"
"676";"476";"How can you tell if your baby is drinking enough milk, and what should you do if you notice orange spots or changes in urine?";"2024-11-29 14:56:34";"2024-11-29 14:56:34"
"677";"477";"What should you expect from your baby's stools, and when should you be concerned?";"2024-11-29 14:57:54";"2024-11-29 14:57:54"
"678";"478";"What does your baby's crying mean, and how should you respond?";"2024-11-29 14:59:15";"2024-11-29 14:59:15"
"679";"479";"Why do babies cry excessively, and what can you do?";"2024-11-29 15:00:11";"2024-11-29 15:00:11"
"680";"480";"How can you soothe a crying baby? What are the different techniques that can help calm a baby? If nothing works after trying various methods, what should you do?";"2024-11-29 15:02:11";"2024-11-29 15:02:11"
"681";"481";"How should you handle feeling overwhelmed when your baby is crying excessively? What can you do if you feel frustrated or tired? How can you ensure your baby's safety while taking a break?";"2024-11-29 15:03:51";"2024-11-29 15:03:51"
"682";"482";"What is a breath-holding spell, and when might it occur? How should you respond if your baby experiences a breath-holding spell? When should you consult a doctor?";"2024-11-29 15:04:52";"2024-11-29 15:04:52"
"683";"483";"Why do newborns have the reflex to suck, and what is the role of pacifiers? Should a baby use a pacifier constantly, and how can it affect their teeth? When should you encourage your child to stop using a pacifier, and how can it affect their speech?";"2024-11-29 15:05:56";"2024-11-29 15:05:56"
"684";"484";"How should you choose a pacifier for your baby, and what safety precautions should be taken? What should you do if your baby uses the pacifier for chewing?";"2024-11-29 15:07:09";"2024-11-29 15:07:09"
"685";"485";"How should you clean and maintain your baby's pacifier, and what safety precautions should be taken? What should you do if the pacifier shows signs of damage?";"2024-11-29 15:08:36";"2024-11-29 15:08:36"
"686";"486";"How does touch benefit your baby, and what are some ways to use it effectively? What are the benefits of massaging your baby, and how can you incorporate it into your routine?";"2024-11-29 15:10:11";"2024-11-29 15:10:11"
"687";"487";"What are the steps for giving a baby massage, and what should you keep in mind to ensure it’s comfortable for your baby? How can you prepare for a baby massage and make the experience enjoyable for both you and your baby?";"2024-11-29 15:11:08";"2024-11-29 15:11:08"
"688";"488";"How do newborns experience taste and smell, and how do these senses contribute to their bonding with parents? How does a baby recognize their mother or father through scent, and how does it impact their well-being?";"2024-11-29 15:11:57";"2024-11-29 15:11:57"
"689";"489";"How does a baby hear at birth, and how does she react to familiar voices or loud noises? What should parents do if they suspect a hearing problem in their baby, and when is it necessary to seek professional help?";"2024-11-29 15:12:52";"2024-11-29 15:12:52"
"690";"490";"At what age does a baby start to distinguish light and colors, and when does her field of vision expand to an adult level? How does sight contribute to a baby's communication, and what are some things she can see from birth?";"2024-11-29 15:14:20";"2024-11-29 15:14:20"
"691";"491";"What is the safest sleeping position for a newborn, and what conditions should the sleep environment meet? How can you ensure your baby is properly covered during sleep?";"2024-11-29 15:15:26";"2024-11-29 15:15:26"
"692";"492";"Should you sleep with your baby? What are the risks of sleeping with your baby on certain surfaces or when you're impaired? How can you safely share your bed with your baby?";"2024-11-29 15:21:23";"2024-11-29 15:21:23"
"693";"493";"How should you ensure your baby sleeps safely while away from home? What are some alternatives to a crib when traveling? Is it safe to let your baby sleep in a car seat or carrier?";"2024-11-29 15:24:04";"2024-11-29 15:24:04"
"694";"494";"What are the risk factors for Sudden Infant Death Syndrome (SIDS)? What recommendations help reduce the risk of SIDS?";"2024-11-29 15:25:42";"2024-11-29 15:25:42"
"695";"495";"How can flat head syndrome be prevented in infants? What happens if a baby develops a flat head?";"2024-11-29 15:27:06";"2024-11-29 15:27:06"
"696";"496";"What are the sleep patterns of a newborn in the first weeks? Should you wake your baby during agitated sleep?";"2024-11-29 15:29:29";"2024-11-29 15:29:29"
"697";"497";"How much sleep does a baby need at 4 months? Will your baby need to feed at night at this age?";"2024-11-29 15:30:41";"2024-11-29 15:30:41"
"698";"498";"How can you establish a bedtime routine for your baby? Should you help your baby fall asleep or let her learn to fall asleep on her own?";"2024-11-29 15:33:35";"2024-11-29 15:33:35"
"699";"499";"How long do babies typically sleep through the night? What can you do to help your baby distinguish between day and night?";"2024-11-29 15:34:39";"2024-11-29 15:34:39"
"700";"500";"How much sleep do babies need between 6 and 12 months? Why might a baby start waking up at night, and how can you reassure them?";"2024-11-29 15:37:26";"2024-11-29 15:37:26"
"701";"501";"What should you do if your baby wakes up in the middle of the night and needs help going back to sleep? How can you help your baby learn to go to sleep on her own? What should you do if your baby cries a lot at night?";"2024-11-29 15:38:56";"2024-11-29 15:38:56"
"702";"502";"How much sleep does a 1- to 2-year-old child need? How do napping patterns change during this stage? How should you handle your child's mood after waking up?";"2024-11-29 15:41:15";"2024-11-29 15:41:15"
"703";"503";"Why do 1- to 2-year-olds cry at bedtime? How long does separation anxiety last, and how can you handle it? How does a consistent bedtime routine help?";"2024-11-29 15:42:58";"2024-11-29 15:42:58"
"704";"504";"How do nightmares and night terrors differ? How should parents respond to each? When do these issues typically resolve?";"2024-11-29 15:44:48";"2024-11-29 15:44:48"
"705";"505";"What qualifies as disturbed sleep in children? What should parents do if they notice these signs?";"2024-11-29 15:46:20";"2024-11-29 15:46:20"
"706";"506";"How does a child develop confidence? What are some ways to help a baby gain confidence? Why is it important to respond to a baby’s signals? What can happen when a child feels confident in their caregiver? How does separation affect a child’s confidence?";"2024-11-29 15:49:43";"2024-11-29 15:49:43"
"707";"507";"How can you understand your baby’s temperament? What are the different types of babies based on temperament? How should you handle a sensitive baby or one who is more cautious? What should you do to help a baby focus and learn?";"2024-11-29 15:52:53";"2024-11-29 15:52:53"
